measure,county,report_date,cases,deaths,cases_cum,death_cum,moving_avg_cases,moving_avg_deaths,antigen_cases,probable_deaths,antigen_cases_cum,probable_deaths_cum,total_cases,total_cases_cum,moving_avg_antigen_cases,moving_avg_probable_deaths,moving_avg_total_cases
state_total,Georgia,2020-02-01,0,0,0,0,0,0,0,0,0,0,0,0,0,0,0
state_total,Georgia,2020-02-02,0,0,0,0,0,0,0,0,0,0,0,0,0,0,0
state_total,Georgia,2020-02-03,0,0,0,0,0,0,0,0,0,0,0,0,0,0,0
state_total,Georgia,2020-02-04,0,0,0,0,0,0,0,0,0,0,0,0,0,0,0
state_total,Georgia,2020-02-05,0,0,0,0,0,0,0,0,0,0,0,0,0,0,0
state_total,Georgia,2020-02-06,0,0,0,0,0,0,0,0,0,0,0,0,0,0,0
state_total,Georgia,2020-02-07,0,0,0,0,0,0,0,0,0,0,0,0,0,0,0
state_total,Georgia,2020-02-08,0,0,0,0,0,0,0,0,0,0,0,0,0,0,0
state_total,Georgia,2020-02-09,0,0,0,0,0,0,0,0,0,0,0,0,0,0,0
state_total,Georgia,2020-02-10,0,0,0,0,0,0,0,0,0,0,0,0,0,0,0
state_total,Georgia,2020-02-11,0,0,0,0,0,0,0,0,0,0,0,0,0,0,0
state_total,Georgia,2020-02-12,0,0,0,0,0,0,0,0,0,0,0,0,0,0,0
state_total,Georgia,2020-02-13,0,0,0,0,0,0,0,0,0,0,0,0,0,0,0
state_total,Georgia,2020-02-14,0,0,0,0,0,0,0,0,0,0,0,0,0,0,0
state_total,Georgia,2020-02-15,0,0,0,0,0,0,0,0,0,0,0,0,0,0,0
state_total,Georgia,2020-02-16,0,0,0,0,0,0,0,0,0,0,0,0,0,0,0
state_total,Georgia,2020-02-17,0,0,0,0,0,0,0,0,0,0,0,0,0,0,0
state_total,Georgia,2020-02-18,0,0,0,0,0,0,0,0,0,0,0,0,0,0,0
state_total,Georgia,2020-02-19,0,0,0,0,0,0,0,0,0,0,0,0,0,0,0
state_total,Georgia,2020-02-20,0,0,0,0,0,0,0,0,0,0,0,0,0,0,0
state_total,Georgia,2020-02-21,0,0,0,0,0,0,0,0,0,0,0,0,0,0,0
state_total,Georgia,2020-02-22,0,0,0,0,0,0,0,0,0,0,0,0,0,0,0
state_total,Georgia,2020-02-23,0,0,0,0,0,0,0,0,0,0,0,0,0,0,0
state_total,Georgia,2020-02-24,0,0,0,0,0,0,0,0,0,0,0,0,0,0,0
state_total,Georgia,2020-02-25,0,0,0,0,0,0,0,0,0,0,0,0,0,0,0
state_total,Georgia,2020-02-26,0,0,0,0,0,0,0,0,0,0,0,0,0,0,0
state_total,Georgia,2020-02-27,0,0,0,0,0,0,0,0,0,0,0,0,0,0,0
state_total,Georgia,2020-02-28,0,0,0,0,0,0,0,0,0,0,0,0,0,0,0
state_total,Georgia,2020-02-29,2,0,2,0,0.28571428571428,0,0,0,0,0,2,2,0,0,0.28571428571428
state_total,Georgia,2020-03-01,0,0,2,0,0.28571428571428,0,0,0,0,0,0,2,0,0,0.28571428571428
state_total,Georgia,2020-03-02,1,0,3,0,0.42857142857142,0,0,0,0,0,1,3,0,0,0.42857142857142
state_total,Georgia,2020-03-03,2,0,5,0,0.71428571428571,0,0,0,0,0,2,5,0,0,0.71428571428571
state_total,Georgia,2020-03-04,2,0,7,0,1,0,0,0,0,0,2,7,0,0,1
state_total,Georgia,2020-03-05,0,0,7,0,1,0,0,0,0,0,0,7,0,0,1
state_total,Georgia,2020-03-06,1,0,8,0,1.14285714285714,0,0,0,0,0,1,8,0,0,1.14285714285714
state_total,Georgia,2020-03-07,3,0,11,0,1.28571428571428,0,0,0,0,0,3,11,0,0,1.28571428571428
state_total,Georgia,2020-03-08,6,0,17,0,2.14285714285714,0,0,0,0,0,6,17,0,0,2.14285714285714
state_total,Georgia,2020-03-09,9,0,26,0,3.28571428571428,0,0,0,0,0,9,26,0,0,3.28571428571428
state_total,Georgia,2020-03-10,13,0,39,0,4.85714285714285,0,0,0,0,0,13,39,0,0,4.85714285714285
state_total,Georgia,2020-03-11,16,0,55,0,6.85714285714285,0,0,0,0,0,16,55,0,0,6.85714285714285
state_total,Georgia,2020-03-12,33,0,88,0,11.5714285714285,0,0,0,0,0,33,88,0,0,11.5714285714285
state_total,Georgia,2020-03-13,27,0,115,0,15.2857142857142,0,0,0,0,0,27,115,0,0,15.2857142857142
state_total,Georgia,2020-03-14,24,0,139,0,18.2857142857142,0,0,0,0,0,24,139,0,0,18.2857142857142
state_total,Georgia,2020-03-15,52,0,191,0,24.8571428571428,0,0,0,0,0,52,191,0,0,24.8571428571428
state_total,Georgia,2020-03-16,49,0,240,0,30.5714285714285,0,0,0,0,0,49,240,0,0,30.5714285714285
state_total,Georgia,2020-03-17,42,0,282,0,34.7142857142857,0,0,0,0,0,42,282,0,0,34.7142857142857
state_total,Georgia,2020-03-18,95,0,377,0,46,0,0,1,0,1,95,377,0,0.14285714285714,46
state_total,Georgia,2020-03-19,115,0,492,0,57.7142857142857,0,0,0,0,1,115,492,0,0.14285714285714,57.7142857142857
state_total,Georgia,2020-03-20,122,0,614,0,71.2857142857143,0,0,0,0,1,122,614,0,0.14285714285714,71.2857142857143
state_total,Georgia,2020-03-21,85,0,699,0,80,0,1,0,1,1,86,700,0.14285714285714,0.14285714285714,80.1428571428571
state_total,Georgia,2020-03-22,155,22,854,22,94.7142857142857,3.14285714285714,0,0,1,1,155,855,0.14285714285714,0.14285714285714,94.8571428571428
state_total,Georgia,2020-03-23,221,0,1075,22,119.285714285714,3.14285714285714,0,0,1,1,221,1076,0.14285714285714,0.14285714285714,119.428571428571
state_total,Georgia,2020-03-24,182,0,1257,22,139.285714285714,3.14285714285714,0,0,1,1,182,1258,0.14285714285714,0.14285714285714,139.428571428571
state_total,Georgia,2020-03-25,279,0,1536,22,165.571428571428,3.14285714285714,0,1,1,2,279,1537,0.14285714285714,0.14285714285714,165.714285714285
state_total,Georgia,2020-03-26,302,0,1838,22,192.285714285714,3.14285714285714,1,0,2,2,303,1840,0.28571428571428,0.14285714285714,192.571428571428
state_total,Georgia,2020-03-27,524,40,2362,62,249.714285714285,8.85714285714285,0,1,2,3,524,2364,0.28571428571428,0.28571428571428,250
state_total,Georgia,2020-03-28,225,4,2587,66,269.714285714285,9.42857142857143,0,1,2,4,225,2589,0.14285714285714,0.42857142857142,269.857142857142
state_total,Georgia,2020-03-29,243,9,2830,75,282.285714285714,7.57142857142857,0,1,2,5,243,2832,0.14285714285714,0.57142857142857,282.428571428571
state_total,Georgia,2020-03-30,388,22,3218,97,306.142857142857,10.7142857142857,0,0,2,5,388,3220,0.14285714285714,0.57142857142857,306.285714285714
state_total,Georgia,2020-03-31,1010,10,4228,107,424.428571428571,12.1428571428571,0,0,2,5,1010,4230,0.14285714285714,0.57142857142857,424.571428571428
state_total,Georgia,2020-04-01,570,28,4798,135,466,16.1428571428571,0,0,2,5,570,4800,0.14285714285714,0.42857142857142,466.142857142857
state_total,Georgia,2020-04-02,637,34,5435,169,513.857142857143,21,0,0,2,5,637,5437,0,0.42857142857142,513.857142857143
state_total,Georgia,2020-04-03,488,18,5923,187,508.714285714285,17.8571428571428,0,1,2,6,488,5925,0,0.42857142857142,508.714285714285
state_total,Georgia,2020-04-04,422,15,6345,202,536.857142857143,19.4285714285714,0,0,2,6,422,6347,0,0.28571428571428,536.857142857143
state_total,Georgia,2020-04-05,296,8,6641,210,544.428571428571,19.2857142857142,0,0,2,6,296,6643,0,0.14285714285714,544.428571428571
state_total,Georgia,2020-04-06,735,29,7376,239,594,20.2857142857142,2,0,4,6,737,7380,0.28571428571428,0.14285714285714,594.285714285714
state_total,Georgia,2020-04-07,1559,78,8935,317,672.428571428571,30,0,0,4,6,1559,8939,0.28571428571428,0.14285714285714,672.714285714285
state_total,Georgia,2020-04-08,1128,39,10063,356,752.142857142857,31.5714285714285,1,0,5,6,1129,10068,0.42857142857142,0.14285714285714,752.571428571428
state_total,Georgia,2020-04-09,612,43,10675,399,748.571428571428,32.8571428571428,1,0,6,6,613,10681,0.57142857142857,0.14285714285714,749.142857142857
state_total,Georgia,2020-04-10,933,8,11608,407,812.142857142857,31.4285714285714,0,0,6,6,933,11614,0.57142857142857,0,812.714285714285
state_total,Georgia,2020-04-11,417,16,12025,423,811.428571428571,31.5714285714285,0,0,6,6,417,12031,0.57142857142857,0,812
state_total,Georgia,2020-04-12,156,12,12181,435,791.428571428571,32.1428571428571,0,0,6,6,156,12187,0.57142857142857,0,792
state_total,Georgia,2020-04-13,1085,35,13266,470,841.428571428571,33,0,3,6,9,1085,13272,0.28571428571428,0.42857142857142,841.714285714285
state_total,Georgia,2020-04-14,840,20,14106,490,738.714285714285,24.7142857142857,0,0,6,9,840,14112,0.28571428571428,0.42857142857142,739
state_total,Georgia,2020-04-15,681,69,14787,559,674.857142857143,29,0,0,6,9,681,14793,0.14285714285714,0.42857142857142,675
state_total,Georgia,2020-04-16,984,13,15771,572,728,24.7142857142857,0,0,6,9,984,15777,0,0.42857142857142,728
state_total,Georgia,2020-04-17,907,78,16678,650,724.285714285714,34.7142857142857,0,0,6,9,907,16684,0,0.42857142857142,724.285714285714
state_total,Georgia,2020-04-18,348,6,17026,656,714.428571428571,33.2857142857142,1,0,7,9,349,17033,0.14285714285714,0.42857142857142,714.571428571428
state_total,Georgia,2020-04-19,505,20,17531,676,764.285714285714,34.4285714285714,0,0,7,9,505,17538,0.14285714285714,0.42857142857142,764.428571428571
state_total,Georgia,2020-04-20,829,78,18360,754,727.714285714285,40.5714285714285,0,2,7,11,829,18367,0.14285714285714,0.28571428571428,727.857142857143
state_total,Georgia,2020-04-21,601,35,18961,789,693.571428571428,42.7142857142857,0,0,7,11,601,18968,0.14285714285714,0.28571428571428,693.714285714285
state_total,Georgia,2020-04-22,892,26,19853,815,723.714285714285,36.5714285714285,1,0,8,11,893,19861,0.28571428571428,0.28571428571428,724
state_total,Georgia,2020-04-23,930,44,20783,859,716,41,1,1,9,12,931,20792,0.42857142857142,0.42857142857142,716.428571428571
state_total,Georgia,2020-04-24,678,20,21461,879,683.285714285714,32.7142857142857,0,2,9,14,678,21470,0.42857142857142,0.71428571428571,683.714285714285
state_total,Georgia,2020-04-25,685,7,22146,886,731.428571428571,32.8571428571428,0,0,9,14,685,22155,0.28571428571428,0.71428571428571,731.714285714285
state_total,Georgia,2020-04-26,269,9,22415,895,697.714285714285,31.2857142857142,0,0,9,14,269,22424,0.28571428571428,0.71428571428571,698
state_total,Georgia,2020-04-27,771,75,23186,970,689.428571428571,30.8571428571428,0,0,9,14,771,23195,0.28571428571428,0.42857142857142,689.714285714285
state_total,Georgia,2020-04-28,581,38,23767,1008,686.571428571428,31.2857142857142,0,0,9,14,581,23776,0.28571428571428,0.42857142857142,686.857142857143
state_total,Georgia,2020-04-29,854,57,24621,1065,681.142857142857,35.7142857142857,0,0,9,14,854,24630,0.14285714285714,0.42857142857142,681.285714285714
state_total,Georgia,2020-04-30,536,37,25157,1102,624.857142857143,34.7142857142857,0,0,9,14,536,25166,0,0.28571428571428,624.857142857143
state_total,Georgia,2020-05-01,934,33,26091,1135,661.428571428571,36.5714285714285,0,0,9,14,934,26100,0,0,661.428571428571
state_total,Georgia,2020-05-02,381,4,26472,1139,618,36.1428571428571,0,0,9,14,381,26481,0,0,618
state_total,Georgia,2020-05-03,283,7,26755,1146,620,35.8571428571428,1,0,10,14,284,26765,0.14285714285714,0,620.142857142857
state_total,Georgia,2020-05-04,751,26,27506,1172,617.142857142857,28.8571428571428,1,0,11,14,752,27517,0.28571428571428,0,617.428571428571
state_total,Georgia,2020-05-05,600,51,28106,1223,619.857142857143,30.7142857142857,1,0,12,14,601,28118,0.42857142857142,0,620.285714285714
state_total,Georgia,2020-05-06,799,58,28905,1281,612,30.8571428571428,1,0,13,14,800,28918,0.57142857142857,0,612.571428571428
state_total,Georgia,2020-05-07,819,21,29724,1302,652.428571428571,28.5714285714285,1,0,14,14,820,29738,0.71428571428571,0,653.142857142857
state_total,Georgia,2020-05-08,541,29,30265,1331,596.285714285714,28,1,0,15,14,542,30280,0.85714285714285,0,597.142857142857
state_total,Georgia,2020-05-09,307,39,30572,1370,585.714285714285,33,0,0,15,14,307,30587,0.85714285714285,0,586.571428571428
state_total,Georgia,2020-05-10,874,4,31446,1374,670.142857142857,32.5714285714285,0,0,15,14,874,31461,0.71428571428571,0,670.857142857143
state_total,Georgia,2020-05-11,459,37,31905,1411,628.428571428571,34.1428571428571,0,0,15,14,459,31920,0.57142857142857,0,629
state_total,Georgia,2020-05-12,767,24,32672,1435,652.285714285714,30.2857142857142,0,0,15,14,767,32687,0.42857142857142,0,652.714285714285
state_total,Georgia,2020-05-13,556,40,33228,1475,617.571428571428,27.7142857142857,1,0,16,14,557,33244,0.42857142857142,0,618
state_total,Georgia,2020-05-14,326,19,33554,1494,547.142857142857,27.4285714285714,1,1,17,15,327,33571,0.42857142857142,0.14285714285714,547.571428571428
state_total,Georgia,2020-05-15,610,35,34164,1529,557,28.2857142857142,2,0,19,15,612,34183,0.57142857142857,0.14285714285714,557.571428571428
state_total,Georgia,2020-05-16,562,33,34726,1562,593.428571428571,27.4285714285714,0,0,19,15,562,34745,0.57142857142857,0.14285714285714,594
state_total,Georgia,2020-05-17,618,15,35344,1577,556.857142857143,29,0,0,19,15,618,35363,0.57142857142857,0.14285714285714,557.428571428571
state_total,Georgia,2020-05-18,658,44,36002,1621,585.285714285714,30,0,0,19,15,658,36021,0.57142857142857,0.14285714285714,585.857142857143
state_total,Georgia,2020-05-19,769,34,36771,1655,585.571428571428,31.4285714285714,0,0,19,15,769,36790,0.57142857142857,0.14285714285714,586.142857142857
state_total,Georgia,2020-05-20,771,6,37542,1661,616.285714285714,26.5714285714285,0,0,19,15,771,37561,0.42857142857142,0.14285714285714,616.714285714285
state_total,Georgia,2020-05-21,684,90,38226,1751,667.428571428571,36.7142857142857,0,3,19,18,684,38245,0.28571428571428,0.42857142857142,667.714285714285
state_total,Georgia,2020-05-22,1029,41,39255,1792,727.285714285714,37.5714285714285,0,8,19,26,1029,39274,0,1.57142857142857,727.285714285714
state_total,Georgia,2020-05-23,975,13,40230,1805,786.285714285714,34.7142857142857,0,3,19,29,975,40249,0,2,786.285714285714
state_total,Georgia,2020-05-24,723,5,40953,1810,801.285714285714,33.2857142857142,0,0,19,29,723,40972,0,2,801.285714285714
state_total,Georgia,2020-05-25,530,21,41483,1831,783,30,0,0,19,29,530,41502,0,2,783
state_total,Georgia,2020-05-26,348,47,41831,1878,722.857142857143,31.8571428571428,2,0,21,29,350,41852,0.28571428571428,2,723.142857142857
state_total,Georgia,2020-05-27,705,33,42536,1911,713.428571428571,35.7142857142857,0,0,21,29,705,42557,0.28571428571428,2,713.714285714285
state_total,Georgia,2020-05-28,835,44,43371,1955,735,29.1428571428571,0,0,21,29,835,43392,0.28571428571428,1.57142857142857,735.285714285714
state_total,Georgia,2020-05-29,619,17,43990,1972,676.428571428571,25.7142857142857,5,0,26,29,624,44016,1,0.42857142857142,677.428571428571
state_total,Georgia,2020-05-30,735,17,44725,1989,642.142857142857,26.2857142857142,0,0,26,29,735,44751,1,0,643.142857142857
state_total,Georgia,2020-05-31,728,47,45453,2036,642.857142857143,32.2857142857142,0,0,26,29,728,45479,1,0,643.857142857143
state_total,Georgia,2020-06-01,885,38,46338,2074,693.571428571428,34.7142857142857,2,0,28,29,887,46366,1.28571428571428,0,694.857142857143
state_total,Georgia,2020-06-02,578,27,46916,2101,726.428571428571,31.8571428571428,0,0,28,29,578,46944,1,0,727.428571428571
state_total,Georgia,2020-06-03,721,19,47637,2120,728.714285714285,29.8571428571428,0,0,28,29,721,47665,1,0,729.714285714285
state_total,Georgia,2020-06-04,940,31,48577,2151,743.714285714285,28,0,0,28,29,940,48605,1,0,744.714285714285
state_total,Georgia,2020-06-05,795,12,49372,2163,768.857142857143,27.2857142857142,1,0,29,29,796,49401,0.42857142857142,0,769.285714285714
state_total,Georgia,2020-06-06,582,4,49954,2167,747,25.4285714285714,0,0,29,29,582,49983,0.42857142857142,0,747.428571428571
state_total,Georgia,2020-06-07,524,1,50478,2168,717.857142857143,18.8571428571428,0,0,29,29,524,50507,0.42857142857142,0,718.285714285714
state_total,Georgia,2020-06-08,620,85,51098,2253,680,25.5714285714285,23,0,52,29,643,51150,3.42857142857142,0,683.428571428571
state_total,Georgia,2020-06-09,729,17,51827,2270,701.571428571428,24.1428571428571,76,0,128,29,805,51955,14.2857142857142,0,715.857142857143
state_total,Georgia,2020-06-10,732,61,52559,2331,703.142857142857,30.1428571428571,72,0,200,29,804,52759,24.5714285714285,0,727.714285714285
state_total,Georgia,2020-06-11,980,43,53539,2374,708.857142857143,31.8571428571428,117,0,317,29,1097,53856,41.2857142857142,0,750.142857142857
state_total,Georgia,2020-06-12,878,31,54417,2405,720.714285714285,34.5714285714285,81,0,398,29,959,54815,52.7142857142857,0,773.428571428571
state_total,Georgia,2020-06-13,1033,24,55450,2429,785.142857142857,37.4285714285714,7,1,405,30,1040,55855,53.7142857142857,0.14285714285714,838.857142857143
state_total,Georgia,2020-06-14,849,5,56299,2434,831.571428571428,38,1,0,406,30,850,56705,53.8571428571428,0.14285714285714,885.428571428571
state_total,Georgia,2020-06-15,735,52,57034,2486,848,33.2857142857142,115,0,521,30,850,57555,67,0.14285714285714,915
state_total,Georgia,2020-06-16,753,33,57787,2519,851.428571428571,35.5714285714285,112,0,633,30,865,58420,72.1428571428571,0.14285714285714,923.571428571428
state_total,Georgia,2020-06-17,988,49,58775,2568,888,33.8571428571428,99,0,732,30,1087,59507,76,0.14285714285714,964
state_total,Georgia,2020-06-18,957,22,59732,2590,884.714285714285,30.8571428571428,65,1,797,31,1022,60529,68.5714285714285,0.28571428571428,953.285714285714
state_total,Georgia,2020-06-19,1212,31,60944,2621,932.428571428571,30.8571428571428,49,0,846,31,1261,61790,64,0.28571428571428,996.428571428571
state_total,Georgia,2020-06-20,1798,1,62742,2622,1041.71428571428,27.5714285714285,14,0,860,31,1812,63602,65,0.14285714285714,1106.71428571428
state_total,Georgia,2020-06-21,885,0,63627,2622,1046.85714285714,26.8571428571428,0,0,860,31,885,64487,64.8571428571428,0.14285714285714,1111.71428571428
state_total,Georgia,2020-06-22,1210,11,64837,2633,1114.71428571428,21,59,0,919,31,1269,65756,56.8571428571428,0.14285714285714,1171.57142857142
state_total,Georgia,2020-06-23,1748,41,66585,2674,1256.85714285714,22.1428571428571,111,0,1030,31,1859,67615,56.7142857142857,0.14285714285714,1313.57142857142
state_total,Georgia,2020-06-24,1779,26,68364,2700,1369.85714285714,18.8571428571428,49,0,1079,31,1828,69443,49.5714285714285,0.14285714285714,1419.42857142857
state_total,Georgia,2020-06-25,1683,33,70047,2733,1473.57142857142,20.4285714285714,59,0,1138,31,1742,71185,48.7142857142857,0,1522.28571428571
state_total,Georgia,2020-06-26,1921,24,71968,2757,1574.85714285714,19.4285714285714,150,0,1288,31,2071,73256,63.1428571428571,0,1638
state_total,Georgia,2020-06-27,1930,2,73898,2759,1593.71428571428,19.5714285714285,9,0,1297,31,1939,75195,62.4285714285714,0,1656.14285714285
state_total,Georgia,2020-06-28,2162,2,76060,2761,1776.14285714285,19.8571428571428,17,0,1314,31,2179,77374,64.8571428571428,0,1841
state_total,Georgia,2020-06-29,1985,15,78045,2776,1886.85714285714,20.4285714285714,115,1,1429,32,2100,79474,72.8571428571428,0.14285714285714,1959.71428571428
state_total,Georgia,2020-06-30,1869,14,79914,2790,1904.14285714285,16.5714285714285,102,2,1531,34,1971,81445,71.5714285714285,0.42857142857142,1975.71428571428
state_total,Georgia,2020-07-01,2926,20,82840,2810,2068,15.7142857142857,77,0,1608,34,3003,84448,75.5714285714285,0.42857142857142,2143.57142857142
state_total,Georgia,2020-07-02,3445,15,86285,2825,2319.71428571428,13.1428571428571,84,0,1692,34,3529,87977,79.1428571428571,0.42857142857142,2398.85714285714
state_total,Georgia,2020-07-03,2771,6,89056,2831,2441.14285714285,10.5714285714285,34,2,1726,36,2805,90782,62.5714285714285,0.71428571428571,2503.71428571428
state_total,Georgia,2020-07-04,2706,3,91762,2834,2552,10.7142857142857,1,1,1727,37,2707,93489,61.4285714285714,0.85714285714285,2613.42857142857
state_total,Georgia,2020-07-05,2096,0,93858,2834,2542.57142857142,10.4285714285714,16,41,1743,78,2112,95601,61.2857142857142,6.71428571428571,2603.85714285714
state_total,Georgia,2020-07-06,1521,27,95379,2861,2476.28571428571,12.1428571428571,115,5,1858,83,1636,97237,61.2857142857142,7.28571428571428,2537.57142857142
state_total,Georgia,2020-07-07,3349,22,98728,2883,2687.71428571428,13.2857142857142,101,0,1959,83,3450,100687,61.1428571428571,7,2748.85714285714
state_total,Georgia,2020-07-08,3401,21,102129,2904,2755.57142857142,13.4285714285714,79,0,2038,83,3480,104167,61.4285714285714,7,2817
state_total,Georgia,2020-07-09,2613,17,104742,2921,2636.71428571428,13.7142857142857,207,1,2245,84,2820,106987,79,7.14285714285714,2715.71428571428
state_total,Georgia,2020-07-10,4423,50,109165,2971,2872.71428571428,20,184,0,2429,84,4607,111594,100.428571428571,6.85714285714285,2973.14285714285
state_total,Georgia,2020-07-11,3172,2,112337,2973,2939.28571428571,19.8571428571428,11,0,2440,84,3183,114777,101.857142857142,6.71428571428571,3041.14285714285
state_total,Georgia,2020-07-12,2561,4,114898,2977,3005.71428571428,20.4285714285714,4,1,2444,85,2565,117342,100.142857142857,1,3105.85714285714
state_total,Georgia,2020-07-13,3603,22,118501,2999,3303.14285714285,19.7142857142857,177,0,2621,85,3780,121122,109,0.28571428571428,3412.14285714285
state_total,Georgia,2020-07-14,3376,28,121877,3027,3307,20.5714285714285,193,1,2814,86,3569,124691,122.142857142857,0.42857142857142,3429.14285714285
state_total,Georgia,2020-07-15,3758,35,125635,3062,3358,22.5714285714285,333,0,3147,86,4091,128782,158.428571428571,0.42857142857142,3516.42857142857
state_total,Georgia,2020-07-16,3402,14,129037,3076,3470.71428571428,22.1428571428571,267,0,3414,86,3669,132451,167,0.28571428571428,3637.71428571428
state_total,Georgia,2020-07-17,3976,26,133013,3102,3406.85714285714,18.7142857142857,250,0,3664,86,4226,136677,176.428571428571,0.28571428571428,3583.28571428571
state_total,Georgia,2020-07-18,4683,36,137696,3138,3622.71428571428,23.5714285714285,51,1,3715,87,4734,141411,182.142857142857,0.42857142857142,3804.85714285714
state_total,Georgia,2020-07-19,3143,5,140839,3143,3705.85714285714,23.7142857142857,29,0,3744,87,3172,144583,185.714285714285,0.28571428571428,3891.57142857142
state_total,Georgia,2020-07-20,2443,2,143282,3145,3540.14285714285,20.8571428571428,314,1,4058,88,2757,147340,205.285714285714,0.42857142857142,3745.42857142857
state_total,Georgia,2020-07-21,3531,73,146813,3218,3562.28571428571,27.2857142857142,190,0,4248,88,3721,151061,204.857142857142,0.28571428571428,3767.14285714285
state_total,Georgia,2020-07-22,3278,82,150091,3300,3493.71428571428,34,252,4,4500,92,3530,154591,193.285714285714,0.85714285714285,3687
state_total,Georgia,2020-07-23,4211,28,154302,3328,3609.28571428571,36,298,2,4798,94,4509,159100,197.714285714285,1.14285714285714,3807
state_total,Georgia,2020-07-24,4770,81,159072,3409,3722.71428571428,43.8571428571428,234,4,5032,98,5004,164104,195.428571428571,1.71428571428571,3918.14285714285
state_total,Georgia,2020-07-25,3753,52,162825,3461,3589.85714285714,46.1428571428571,50,0,5082,98,3803,167907,195.285714285714,1.57142857142857,3785.14285714285
state_total,Georgia,2020-07-26,2654,3,165479,3464,3520,45.8571428571428,71,1,5153,99,2725,170632,201.285714285714,1.71428571428571,3721.28571428571
state_total,Georgia,2020-07-27,2847,13,168326,3477,3577.71428571428,47.4285714285714,224,1,5377,100,3071,173703,188.428571428571,1.71428571428571,3766.14285714285
state_total,Georgia,2020-07-28,4220,54,172546,3531,3676.14285714285,44.7142857142857,167,12,5544,112,4387,178090,185.142857142857,3.42857142857142,3861.28571428571
state_total,Georgia,2020-07-29,3327,77,175873,3608,3683.14285714285,44,232,3,5776,115,3559,181649,182.285714285714,3.28571428571428,3865.42857142857
state_total,Georgia,2020-07-30,3960,26,179833,3634,3647.28571428571,43.7142857142857,211,0,5987,115,4171,185820,169.857142857142,3,3817.14285714285
state_total,Georgia,2020-07-31,4063,79,183896,3713,3546.28571428571,43.4285714285714,226,1,6213,116,4289,190109,168.714285714285,2.57142857142857,3715
state_total,Georgia,2020-08-01,3643,73,187539,3786,3530.57142857142,46.4285714285714,78,0,6291,116,3721,193830,172.714285714285,2.57142857142857,3703.28571428571
state_total,Georgia,2020-08-02,3131,15,190670,3801,3598.71428571428,48.1428571428571,22,0,6313,116,3153,196983,165.714285714285,2.42857142857142,3764.42857142857
state_total,Georgia,2020-08-03,2232,2,192902,3803,3510.85714285714,46.5714285714285,293,3,6606,119,2525,199508,175.571428571428,2.71428571428571,3686.42857142857
state_total,Georgia,2020-08-04,2526,80,195428,3883,3268.85714285714,50.2857142857142,203,0,6809,119,2729,202237,180.714285714285,1,3449.57142857142
state_total,Georgia,2020-08-05,3718,63,199146,3946,3324.71428571428,48.2857142857142,145,0,6954,119,3863,206100,168.285714285714,0.57142857142857,3493
state_total,Georgia,2020-08-06,3173,38,202319,3984,3212.28571428571,50,171,6,7125,125,3344,209444,162.571428571428,1.42857142857142,3374.85714285714
state_total,Georgia,2020-08-07,4017,87,206336,4071,3205.71428571428,51.1428571428571,150,1,7275,126,4167,213611,151.714285714285,1.42857142857142,3357.42857142857
state_total,Georgia,2020-08-08,4331,67,210667,4138,3304,50.2857142857142,47,1,7322,127,4378,217989,147.285714285714,1.57142857142857,3451.28571428571
state_total,Georgia,2020-08-09,3103,11,213770,4149,3300,49.7142857142857,31,0,7353,127,3134,221123,148.571428571428,1.57142857142857,3448.57142857142
state_total,Georgia,2020-08-10,2391,31,216161,4180,3322.71428571428,53.8571428571428,264,1,7617,128,2655,223778,144.428571428571,1.28571428571428,3467.14285714285
state_total,Georgia,2020-08-11,3498,130,219659,4310,3461.57142857142,61,220,5,7837,133,3718,227496,146.857142857142,2,3608.42857142857
state_total,Georgia,2020-08-12,3532,106,223191,4416,3435,67.1428571428571,214,4,8051,137,3746,231242,156.714285714285,2.57142857142857,3591.71428571428
state_total,Georgia,2020-08-13,2605,81,225796,4497,3353.85714285714,73.2857142857143,197,2,8248,139,2802,234044,160.428571428571,2,3514.28571428571
state_total,Georgia,2020-08-14,3152,33,228948,4530,3230.28571428571,65.5714285714285,175,3,8423,142,3327,237371,164,2.28571428571428,3394.28571428571
state_total,Georgia,2020-08-15,3239,96,232187,4626,3074.28571428571,69.7142857142857,83,3,8506,145,3322,240693,169.142857142857,2.57142857142857,3243.42857142857
state_total,Georgia,2020-08-16,1838,32,234025,4658,2893.57142857142,72.7142857142857,40,0,8546,145,1878,242571,170.428571428571,2.57142857142857,3064
state_total,Georgia,2020-08-17,1815,24,235840,4682,2811.28571428571,71.7142857142857,134,2,8680,147,1949,244520,151.857142857142,2.71428571428571,2963.14285714285
state_total,Georgia,2020-08-18,2795,66,238635,4748,2710.85714285714,62.5714285714285,411,2,9091,149,3206,247726,179.142857142857,2.28571428571428,2890
state_total,Georgia,2020-08-19,2333,54,240968,4802,2539.57142857142,55.1428571428571,153,2,9244,151,2486,250212,170.428571428571,2,2710
state_total,Georgia,2020-08-20,2754,61,243722,4863,2560.85714285714,52.2857142857142,172,1,9416,152,2926,253138,166.857142857142,1.85714285714285,2727.71428571428
state_total,Georgia,2020-08-21,2922,94,246644,4957,2528,61,428,1,9844,153,3350,256488,203,1.57142857142857,2731
state_total,Georgia,2020-08-22,2545,91,249189,5048,2428.85714285714,60.2857142857142,198,2,10042,155,2743,259231,219.428571428571,1.42857142857142,2648.28571428571
state_total,Georgia,2020-08-23,1719,41,250908,5089,2411.85714285714,61.5714285714285,88,1,10130,156,1807,261038,226.285714285714,1.57142857142857,2638.14285714285
state_total,Georgia,2020-08-24,2206,25,253114,5114,2467.71428571428,61.7142857142857,227,0,10357,156,2433,263471,239.571428571428,1.28571428571428,2707.28571428571
state_total,Georgia,2020-08-25,2175,103,255289,5217,2379.14285714285,67,295,1,10652,157,2470,265941,223,1.14285714285714,2602.14285714285
state_total,Georgia,2020-08-26,2277,46,257566,5263,2371.14285714285,65.8571428571428,309,2,10961,159,2586,268527,245.285714285714,1.14285714285714,2616.42857142857
state_total,Georgia,2020-08-27,2485,82,260051,5345,2332.71428571428,68.8571428571428,307,0,11268,159,2792,271319,264.571428571428,1,2597.28571428571
state_total,Georgia,2020-08-28,2326,77,262377,5422,2247.57142857142,66.4285714285714,332,2,11600,161,2658,273977,250.857142857142,1.14285714285714,2498.42857142857
state_total,Georgia,2020-08-29,2366,104,264743,5526,2222,68.2857142857143,175,0,11775,161,2541,276518,247.571428571428,0.85714285714285,2469.57142857142
state_total,Georgia,2020-08-30,1274,28,266017,5554,2158.42857142857,66.4285714285714,78,0,11853,161,1352,277870,246.142857142857,0.71428571428571,2404.57142857142
state_total,Georgia,2020-08-31,1496,28,267513,5582,2057,66.8571428571428,213,4,12066,165,1709,279579,244.142857142857,1.28571428571428,2301.14285714285
state_total,Georgia,2020-09-01,2229,103,269742,5685,2064.71428571428,66.8571428571428,268,1,12334,166,2497,282076,240.285714285714,1.28571428571428,2305
state_total,Georgia,2020-09-02,1968,64,271710,5749,2020.57142857142,69.4285714285714,400,0,12734,166,2368,284444,253.285714285714,1,2273.85714285714
state_total,Georgia,2020-09-03,2663,74,274373,5823,2046,68.2857142857143,286,0,13020,166,2949,287393,250.285714285714,1,2296.28571428571
state_total,Georgia,2020-09-04,2028,64,276401,5887,2003.42857142857,66.4285714285714,243,1,13263,167,2271,289664,237.571428571428,0.85714285714285,2241
state_total,Georgia,2020-09-05,2178,48,278579,5935,1976.57142857142,58.4285714285714,75,1,13338,168,2253,291917,223.285714285714,1,2199.85714285714
state_total,Georgia,2020-09-06,1624,59,280203,5994,2026.57142857142,62.8571428571428,34,0,13372,168,1658,293575,217,1,2243.57142857142
state_total,Georgia,2020-09-07,587,6,280790,6000,1896.71428571428,59.7142857142857,198,1,13570,169,785,294360,214.857142857142,0.57142857142857,2111.57142857142
state_total,Georgia,2020-09-08,1473,25,282263,6025,1788.71428571428,48.5714285714285,243,4,13813,173,1716,296076,211.285714285714,1,2000
state_total,Georgia,2020-09-09,1874,58,284137,6083,1775.28571428571,47.7142857142857,228,1,14041,174,2102,298178,186.714285714285,1.14285714285714,1962
state_total,Georgia,2020-09-10,1803,74,285940,6157,1652.42857142857,47.7142857142857,360,16,14401,190,2163,300341,197.285714285714,3.42857142857142,1849.71428571428
state_total,Georgia,2020-09-11,1817,43,287757,6200,1622.28571428571,44.7142857142857,271,2,14672,192,2088,302429,201.285714285714,3.57142857142857,1823.57142857142
state_total,Georgia,2020-09-12,2075,38,289832,6238,1607.57142857142,43.2857142857142,100,20,14772,212,2175,304604,204.857142857142,6.28571428571428,1812.42857142857
state_total,Georgia,2020-09-13,1410,46,291242,6284,1577,41.4285714285714,53,1,14825,213,1463,306067,207.571428571428,6.42857142857143,1784.57142857142
state_total,Georgia,2020-09-14,1019,17,292261,6301,1638.71428571428,43,342,5,15167,218,1361,307428,228.142857142857,7,1866.85714285714
state_total,Georgia,2020-09-15,1522,45,293783,6346,1645.71428571428,45.8571428571428,299,1,15466,219,1821,309249,236.142857142857,6.57142857142857,1881.85714285714
state_total,Georgia,2020-09-16,2155,23,295938,6369,1685.85714285714,40.8571428571428,483,4,15949,223,2638,311887,272.571428571428,7,1958.42857142857
state_total,Georgia,2020-09-17,1815,52,297753,6421,1687.57142857142,37.7142857142857,234,0,16183,223,2049,313936,254.571428571428,4.71428571428571,1942.14285714285
state_total,Georgia,2020-09-18,1817,61,299570,6482,1687.57142857142,40.2857142857142,361,2,16544,225,2178,316114,267.428571428571,4.71428571428571,1955
state_total,Georgia,2020-09-19,2183,59,301753,6541,1703,43.2857142857142,78,0,16622,225,2261,318375,264.285714285714,1.85714285714285,1967.28571428571
state_total,Georgia,2020-09-20,1093,3,302846,6544,1657.71428571428,37.1428571428571,43,1,16665,226,1136,319511,262.857142857142,1.85714285714285,1920.57142857142
state_total,Georgia,2020-09-21,1165,3,304011,6547,1678.57142857142,35.1428571428571,210,1,16875,227,1375,320886,244,1.28571428571428,1922.57142857142
state_total,Georgia,2020-09-22,1002,70,305013,6617,1604.28571428571,38.7142857142857,201,0,17076,227,1203,322089,230,1.14285714285714,1834.28571428571
state_total,Georgia,2020-09-23,1513,94,306526,6711,1512.57142857142,48.8571428571428,156,11,17232,238,1669,323758,183.285714285714,2.14285714285714,1695.85714285714
state_total,Georgia,2020-09-24,1383,51,307909,6762,1450.85714285714,48.7142857142857,202,11,17434,249,1585,325343,178.714285714285,3.71428571428571,1629.57142857142
state_total,Georgia,2020-09-25,1504,52,309413,6814,1406.14285714285,47.4285714285714,476,7,17910,256,1980,327323,195.142857142857,4.42857142857142,1601.28571428571
state_total,Georgia,2020-09-26,1336,42,310749,6856,1285.14285714285,45,90,0,18000,256,1426,328749,196.857142857142,4.42857142857142,1482
state_total,Georgia,2020-09-27,802,30,311551,6886,1243.57142857142,48.8571428571428,56,21,18056,277,858,329607,198.714285714285,7.28571428571428,1442.28571428571
state_total,Georgia,2020-09-28,606,15,312157,6901,1163.71428571428,50.5714285714285,341,2,18397,279,947,330554,217.428571428571,7.42857142857143,1381.14285714285
state_total,Georgia,2020-09-29,1037,32,313194,6933,1168.71428571428,45.1428571428571,319,2,18716,281,1356,331910,234.285714285714,7.71428571428571,1403
state_total,Georgia,2020-09-30,1666,29,314860,6962,1190.57142857142,35.8571428571428,222,1,18938,282,1888,333798,243.714285714285,6.28571428571428,1434.28571428571
state_total,Georgia,2020-10-01,1311,40,316171,7002,1180.28571428571,34.2857142857142,254,1,19192,283,1565,335363,251.142857142857,4.85714285714285,1431.42857142857
state_total,Georgia,2020-10-02,1269,43,317440,7045,1146.71428571428,33,224,2,19416,285,1493,336856,215.142857142857,4.14285714285714,1361.85714285714
state_total,Georgia,2020-10-03,1440,25,318880,7070,1161.57142857142,30.5714285714285,78,3,19494,288,1518,338374,213.428571428571,4.57142857142857,1375
state_total,Georgia,2020-10-04,860,28,319740,7098,1169.85714285714,30.2857142857142,68,0,19562,288,928,339302,215.142857142857,1.57142857142857,1385
state_total,Georgia,2020-10-05,789,29,320529,7127,1196,32.2857142857142,317,3,19879,291,1106,340408,211.714285714285,1.71428571428571,1407.71428571428
state_total,Georgia,2020-10-06,947,36,321476,7163,1183.14285714285,32.8571428571428,1006,4,20885,295,1953,342361,309.857142857142,2,1493
state_total,Georgia,2020-10-07,1464,28,322940,7191,1154.28571428571,32.7142857142857,312,1,21197,296,1776,344137,322.714285714285,2,1477
state_total,Georgia,2020-10-08,1255,35,324195,7226,1146.28571428571,32,550,31,21747,327,1805,345942,365,6.28571428571428,1511.28571428571
state_total,Georgia,2020-10-09,1630,54,325825,7280,1197.85714285714,33.5714285714285,343,37,22090,364,1973,347915,382,11.2857142857142,1579.85714285714
state_total,Georgia,2020-10-10,1247,45,327072,7325,1170.28571428571,36.4285714285714,76,0,22166,364,1323,349238,381.714285714285,10.8571428571428,1552
state_total,Georgia,2020-10-11,1132,23,328204,7348,1209.14285714285,35.7142857142857,69,0,22235,364,1201,350439,381.857142857142,10.8571428571428,1591
state_total,Georgia,2020-10-12,922,14,329126,7362,1228.14285714285,33.5714285714285,249,1,22484,365,1171,351610,372.142857142857,10.5714285714285,1600.28571428571
state_total,Georgia,2020-10-13,1005,25,330131,7387,1236.42857142857,32,300,0,22784,365,1305,352915,271.285714285714,10,1507.71428571428
state_total,Georgia,2020-10-14,1266,18,331397,7405,1208.14285714285,30.5714285714285,277,1,23061,366,1543,354458,266.285714285714,10,1474.42857142857
state_total,Georgia,2020-10-15,1639,23,333036,7428,1263,28.8571428571428,203,1,23264,367,1842,356300,216.714285714285,5.71428571428571,1479.71428571428
state_total,Georgia,2020-10-16,1653,64,334689,7492,1266.28571428571,30.2857142857142,317,1,23581,368,1970,358270,213,0.57142857142857,1479.28571428571
state_total,Georgia,2020-10-17,1505,48,336194,7540,1303.14285714285,30.7142857142857,444,0,24025,368,1949,360219,265.571428571428,0.57142857142857,1568.71428571428
state_total,Georgia,2020-10-18,1157,31,337351,7571,1306.71428571428,31.8571428571428,81,1,24106,369,1238,361457,267.285714285714,0.71428571428571,1574
state_total,Georgia,2020-10-19,756,17,338107,7588,1283,32.2857142857142,364,1,24470,370,1120,362577,283.714285714285,0.71428571428571,1566.71428571428
state_total,Georgia,2020-10-20,1130,18,339237,7606,1300.85714285714,31.2857142857142,336,0,24806,370,1466,364043,288.857142857142,0.71428571428571,1589.71428571428
state_total,Georgia,2020-10-21,1300,28,340537,7634,1305.71428571428,32.7142857142857,270,1,25076,371,1570,365613,287.857142857142,0.71428571428571,1593.57142857142
state_total,Georgia,2020-10-22,1774,25,342311,7659,1325,33,235,0,25311,371,2009,367622,292.428571428571,0.57142857142857,1617.42857142857
state_total,Georgia,2020-10-23,2214,37,344525,7696,1405.14285714285,29.1428571428571,594,1,25905,372,2808,370430,332,0.57142857142857,1737.14285714285
state_total,Georgia,2020-10-24,1809,41,346334,7737,1448.57142857142,28.1428571428571,108,0,26013,372,1917,372347,284,0.57142857142857,1732.57142857142
state_total,Georgia,2020-10-25,1281,1,347615,7738,1466.28571428571,23.8571428571428,65,0,26078,372,1346,373693,281.714285714285,0.42857142857142,1748
state_total,Georgia,2020-10-26,967,18,348582,7756,1496.42857142857,24,362,15,26440,387,1329,375022,281.428571428571,2.42857142857142,1777.85714285714
state_total,Georgia,2020-10-27,1581,17,350163,7773,1560.85714285714,23.8571428571428,422,1,26862,388,2003,377025,293.714285714285,2.57142857142857,1854.57142857142
state_total,Georgia,2020-10-28,1686,31,351849,7804,1616,24.2857142857142,934,2,27796,390,2620,379645,388.571428571428,2.71428571428571,2004.57142857142
state_total,Georgia,2020-10-29,1815,47,353664,7851,1621.85714285714,27.4285714285714,338,0,28134,390,2153,381798,403.285714285714,2.71428571428571,2025.14285714285
state_total,Georgia,2020-10-30,1497,35,355161,7886,1519.42857142857,27.1428571428571,281,1,28415,391,1778,383576,358.571428571428,2.71428571428571,1878
state_total,Georgia,2020-10-31,2559,24,357720,7910,1626.57142857142,24.7142857142857,155,1,28570,392,2714,386290,365.285714285714,2.85714285714285,1991.85714285714
state_total,Georgia,2020-11-01,1254,3,358974,7913,1622.71428571428,25,156,1,28726,393,1410,387700,378.285714285714,3,2001
state_total,Georgia,2020-11-02,1004,19,359978,7932,1628,25.1428571428571,333,18,29059,411,1337,389037,374.142857142857,3.42857142857142,2002.14285714285
state_total,Georgia,2020-11-03,1671,29,361649,7961,1640.85714285714,26.8571428571428,339,1,29398,412,2010,391047,362.285714285714,3.42857142857142,2003.14285714285
state_total,Georgia,2020-11-04,1859,43,363508,8004,1665.57142857142,28.5714285714285,868,6,30266,418,2727,393774,352.857142857142,4,2018.42857142857
state_total,Georgia,2020-11-05,1957,53,365465,8057,1685.85714285714,29.4285714285714,383,1,30649,419,2340,396114,359.285714285714,4.14285714285714,2045.14285714285
state_total,Georgia,2020-11-06,1715,32,367180,8089,1717,29,938,0,31587,419,2653,398767,453.142857142857,4,2170.14285714285
state_total,Georgia,2020-11-07,1731,35,368911,8124,1598.71428571428,30.5714285714285,293,0,31880,419,2024,400791,472.857142857142,3.85714285714285,2071.57142857142
state_total,Georgia,2020-11-08,1232,1,370143,8125,1595.57142857142,30.2857142857142,147,0,32027,419,1379,402170,471.571428571428,3.71428571428571,2067.14285714285
state_total,Georgia,2020-11-09,1089,29,371232,8154,1607.71428571428,31.7142857142857,508,14,32535,433,1597,403767,496.571428571428,3.14285714285714,2104.28571428571
state_total,Georgia,2020-11-10,1970,40,373202,8194,1650.42857142857,33.2857142857142,2183,5,34718,438,4153,407920,760,3.71428571428571,2410.42857142857
state_total,Georgia,2020-11-11,1634,65,374836,8259,1618.28571428571,36.4285714285714,539,7,35257,445,2173,410093,713,3.85714285714285,2331.28571428571
state_total,Georgia,2020-11-12,2498,69,377334,8328,1695.57142857142,38.7142857142857,245,0,35502,445,2743,412836,693.285714285714,3.71428571428571,2388.85714285714
state_total,Georgia,2020-11-13,2340,22,379674,8350,1784.85714285714,37.2857142857142,661,8,36163,453,3001,415837,653.714285714285,4.85714285714285,2438.57142857142
state_total,Georgia,2020-11-14,2516,50,382190,8400,1897,39.4285714285714,522,9,36685,462,3038,418875,686.428571428571,6.14285714285714,2583.42857142857
state_total,Georgia,2020-11-15,1929,1,384119,8401,1996.57142857142,39.4285714285714,164,0,36849,462,2093,420968,688.857142857143,6.14285714285714,2685.42857142857
state_total,Georgia,2020-11-16,968,9,385087,8410,1979.28571428571,36.5714285714285,252,0,37101,462,1220,422188,652.285714285714,4.14285714285714,2631.57142857142
state_total,Georgia,2020-11-17,3569,26,388656,8436,2207.71428571428,34.5714285714285,816,15,37917,477,4385,426573,457,5.57142857142857,2664.71428571428
state_total,Georgia,2020-11-18,2520,40,391176,8476,2334.28571428571,31,638,17,38555,494,3158,429731,471.142857142857,7,2805.42857142857
state_total,Georgia,2020-11-19,2698,39,393874,8515,2362.85714285714,26.7142857142857,739,4,39294,498,3437,433168,541.714285714285,7.57142857142857,2904.57142857142
state_total,Georgia,2020-11-20,2838,26,396712,8541,2434,27.2857142857142,658,17,39952,515,3496,436664,541.285714285714,8.85714285714285,2975.28571428571
state_total,Georgia,2020-11-21,2992,37,399704,8578,2502,25.4285714285714,2918,5,42870,520,5910,442574,883.571428571428,8.28571428571428,3385.57142857142
state_total,Georgia,2020-11-22,1988,3,401692,8581,2510.42857142857,25.7142857142857,408,14,43278,534,2396,444970,918.428571428571,10.2857142857142,3428.85714285714
state_total,Georgia,2020-11-23,1811,17,403503,8598,2630.85714285714,26.8571428571428,161,0,43439,534,1972,446942,905.428571428571,10.2857142857142,3536.28571428571
state_total,Georgia,2020-11-24,2426,12,405929,8610,2467.57142857142,24.8571428571428,1207,2,44646,536,3633,450575,961.285714285714,8.42857142857143,3428.85714285714
state_total,Georgia,2020-11-25,2340,49,408269,8659,2441.85714285714,26.1428571428571,814,29,45460,565,3154,453729,986.428571428571,10.1428571428571,3428.28571428571
state_total,Georgia,2020-11-26,2885,24,411154,8683,2468.57142857142,24,673,16,46133,581,3558,457287,977,11.8571428571428,3445.57142857142
state_total,Georgia,2020-11-27,2393,30,413547,8713,2405,24.5714285714285,608,12,46741,593,3001,460288,969.857142857143,11.1428571428571,3374.85714285714
state_total,Georgia,2020-11-28,2661,27,416208,8740,2357.71428571428,23.1428571428571,435,12,47176,605,3096,463384,615.142857142857,12.1428571428571,2972.85714285714
state_total,Georgia,2020-11-29,1691,4,417899,8744,2315.28571428571,23.2857142857142,324,15,47500,620,2015,465399,603.142857142857,12.2857142857142,2918.42857142857
state_total,Georgia,2020-11-30,1525,0,419424,8744,2274.42857142857,20.8571428571428,506,9,48006,629,2031,467430,652.428571428571,13.5714285714285,2926.85714285714
state_total,Georgia,2020-12-01,2849,22,422273,8766,2334.85714285714,22.2857142857142,1846,39,49852,668,4695,472125,743.714285714285,18.8571428571428,3078.57142857142
state_total,Georgia,2020-12-02,4034,35,426307,8801,2576.85714285714,20.2857142857142,1567,20,51419,688,5601,477726,851.285714285714,17.5714285714285,3428.14285714285
state_total,Georgia,2020-12-03,4370,52,430677,8853,2789,24.2857142857142,1400,34,52819,722,5770,483496,955.142857142857,20.1428571428571,3744.14285714285
state_total,Georgia,2020-12-04,4966,41,435643,8894,3156.57142857142,25.8571428571428,1362,33,54181,755,6328,489824,1062.85714285714,23.1428571428571,4219.42857142857
state_total,Georgia,2020-12-05,3696,46,439339,8940,3304.42857142857,28.5714285714285,1197,19,55378,774,4893,494717,1171.71428571428,24.1428571428571,4476.14285714285
state_total,Georgia,2020-12-06,1787,2,441126,8942,3318.14285714285,28.2857142857142,227,10,55605,784,2014,496731,1157.85714285714,23.4285714285714,4476
state_total,Georgia,2020-12-07,4781,35,445907,8977,3783.28571428571,33.2857142857142,543,11,56148,795,5324,502055,1163.14285714285,23.7142857142857,4946.42857142857
state_total,Georgia,2020-12-08,3684,19,449591,8996,3902.57142857142,32.8571428571428,1743,1,57891,796,5427,507482,1148.42857142857,18.2857142857142,5051
state_total,Georgia,2020-12-09,3724,45,453315,9041,3858.28571428571,34.2857142857142,1672,2,59563,798,5396,512878,1163.42857142857,15.7142857142857,5021.71428571428
state_total,Georgia,2020-12-10,6015,54,459330,9095,4093.28571428571,34.5714285714285,1586,5,61149,803,7601,520479,1190,11.5714285714285,5283.28571428571
state_total,Georgia,2020-12-11,4690,50,464020,9145,4053.85714285714,35.8571428571428,1411,4,62560,807,6101,526580,1197,7.42857142857143,5250.85714285714
state_total,Georgia,2020-12-12,4804,28,468824,9173,4212.14285714285,33.2857142857142,1548,15,64108,822,6352,532932,1247.14285714285,6.85714285714285,5459.28571428571
state_total,Georgia,2020-12-13,4281,1,473105,9174,4568.42857142857,33.1428571428571,549,1,64657,823,4830,537762,1293.14285714285,5.57142857142857,5861.57142857142
state_total,Georgia,2020-12-14,3261,12,476366,9186,4351.28571428571,29.8571428571428,487,13,65144,836,3748,541510,1285.14285714285,5.85714285714285,5636.42857142857
state_total,Georgia,2020-12-15,4774,35,481140,9221,4507,32.1428571428571,2433,25,67577,861,7207,548717,1383.71428571428,9.28571428571428,5890.71428571428
state_total,Georgia,2020-12-16,4180,51,485320,9272,4572.14285714285,33,2223,15,69800,876,6403,555120,1462.42857142857,11.1428571428571,6034.57142857142
state_total,Georgia,2020-12-17,5831,55,491151,9327,4545.85714285714,33.1428571428571,1857,11,71657,887,7688,562808,1501.14285714285,12,6047
state_total,Georgia,2020-12-18,6055,36,497206,9363,4740.85714285714,31.1428571428571,2049,1,73706,888,8104,570912,1592.28571428571,11.5714285714285,6333.14285714285
state_total,Georgia,2020-12-19,4230,38,501436,9401,4658.85714285714,32.5714285714285,1495,11,75201,899,5725,576637,1584.71428571428,11,6243.57142857143
state_total,Georgia,2020-12-20,5068,2,506504,9403,4771.28571428571,32.7142857142857,619,0,75820,899,5687,582324,1594.71428571428,10.8571428571428,6366
state_total,Georgia,2020-12-21,3092,16,509596,9419,4747.14285714285,33.2857142857142,499,0,76319,899,3591,585915,1596.42857142857,9,6343.57142857143
state_total,Georgia,2020-12-22,6180,51,515776,9470,4948,35.5714285714285,2716,13,79035,912,8896,594811,1636.85714285714,7.28571428571428,6584.85714285714
state_total,Georgia,2020-12-23,5167,55,520943,9525,5089,36.1428571428571,2497,7,81532,919,7664,602475,1676,6.14285714285714,6765
state_total,Georgia,2020-12-24,7825,48,528768,9573,5373.85714285714,35.1428571428571,2356,10,83888,929,10181,612656,1747.28571428571,6,7121.14285714285
state_total,Georgia,2020-12-25,5115,49,533883,9622,5239.57142857142,37,1004,0,84892,929,6119,618775,1598,5.85714285714285,6837.57142857143
state_total,Georgia,2020-12-26,3665,53,537548,9675,5158.85714285714,39.1428571428571,566,0,85458,929,4231,623006,1465.28571428571,4.28571428571428,6624.14285714285
state_total,Georgia,2020-12-27,2946,5,540494,9680,4855.71428571428,39.5714285714285,612,0,86070,929,3558,626564,1464.28571428571,4.28571428571428,6320
state_total,Georgia,2020-12-28,3155,5,543649,9685,4864.71428571428,38,774,0,86844,929,3929,630493,1503.57142857142,4.28571428571428,6368.28571428571
state_total,Georgia,2020-12-29,5889,40,549538,9725,4823.14285714285,36.4285714285714,3386,43,90230,972,9275,639768,1599.28571428571,8.57142857142857,6422.42857142857
state_total,Georgia,2020-12-30,5441,49,554979,9774,4862.28571428571,35.5714285714285,3306,17,93536,989,8747,648515,1714.85714285714,10,6577.14285714285
state_total,Georgia,2020-12-31,8498,68,563477,9842,4958.42857142857,38.4285714285714,3157,26,96693,1015,11655,660170,1829.28571428571,12.2857142857142,6787.71428571428
state_total,Georgia,2021-01-01,8722,16,572199,9858,5473.71428571428,33.7142857142857,2447,7,99140,1022,11169,671339,2035.42857142857,13.2857142857142,7509.14285714285
state_total,Georgia,2021-01-02,6585,2,578784,9860,5890.85714285714,26.4285714285714,986,1,100126,1023,7571,678910,2095.42857142857,13.4285714285714,7986.28571428571
state_total,Georgia,2021-01-03,5064,3,583848,9863,6193.42857142857,26.1428571428571,799,2,100925,1025,5863,684773,2122.14285714285,13.7142857142857,8315.57142857143
state_total,Georgia,2021-01-04,4030,7,587878,9870,6318.42857142857,26.4285714285714,1097,0,102022,1025,5127,689900,2168.28571428571,13.7142857142857,8486.71428571428
state_total,Georgia,2021-01-05,6094,66,593972,9936,6347.71428571428,30.1428571428571,3741,35,105763,1060,9835,699735,2219,12.5714285714285,8566.71428571428
state_total,Georgia,2021-01-06,5579,66,599551,10002,6367.42857142857,32.5714285714285,2041,22,107804,1082,7620,707355,2038.28571428571,13.2857142857142,8405.71428571428
state_total,Georgia,2021-01-07,7076,64,606627,10066,6164.28571428571,32,2555,2,110359,1084,9631,716986,1952.28571428571,9.85714285714285,8116.57142857143
state_total,Georgia,2021-01-08,10200,75,616827,10141,6375.42857142857,40.4285714285714,2685,6,113044,1090,12885,729871,1986.28571428571,9.71428571428571,8361.71428571428
state_total,Georgia,2021-01-09,8933,96,625760,10237,6710.85714285714,53.8571428571428,2996,43,116040,1133,11929,741800,2273.42857142857,15.7142857142857,8984.28571428571
state_total,Georgia,2021-01-10,7140,2,632900,10239,7007.42857142857,53.7142857142857,1112,0,117152,1133,8252,750052,2318.14285714285,15.4285714285714,9325.57142857143
state_total,Georgia,2021-01-11,6331,17,639231,10256,7336.14285714285,55.1428571428571,1267,1,118419,1134,7598,757650,2342.42857142857,15.5714285714285,9678.57142857143
state_total,Georgia,2021-01-12,5965,142,645196,10398,7317.71428571428,66,3036,42,121455,1176,9001,766651,2241.71428571428,16.5714285714285,9559.42857142857
state_total,Georgia,2021-01-13,5576,136,650772,10534,7317.28571428571,76,2800,5,124255,1181,8376,775027,2350.14285714285,14.1428571428571,9667.42857142857
state_total,Georgia,2021-01-14,6306,138,657078,10672,7207.28571428571,86.5714285714285,2559,30,126814,1211,8865,783892,2350.71428571428,18.1428571428571,9558
state_total,Georgia,2021-01-15,7307,157,664385,10829,6794,98.2857142857143,2437,5,129251,1216,9744,793636,2315.28571428571,18,9109.28571428571
state_total,Georgia,2021-01-16,6863,152,671248,10981,6498.28571428571,106.285714285714,1622,6,130873,1222,8485,802121,2119,12.7142857142857,8617.28571428571
state_total,Georgia,2021-01-17,5371,1,676619,10982,6245.57142857143,106.142857142857,1051,2,131924,1224,6422,808543,2110.28571428571,13,8355.85714285714
state_total,Georgia,2021-01-18,4395,63,681014,11045,5969,112.714285714285,691,2,132615,1226,5086,813629,2028,13.1428571428571,7997
state_total,Georgia,2021-01-19,4907,165,685921,11210,5817.85714285714,116,2503,50,135118,1276,7410,821039,1951.85714285714,14.2857142857142,7769.71428571428
state_total,Georgia,2021-01-20,5658,148,691579,11358,5829.57142857142,117.714285714285,2410,48,137528,1324,8068,829107,1896.14285714285,20.4285714285714,7725.71428571428
state_total,Georgia,2021-01-21,5857,103,697436,11461,5765.42857142857,112.714285714285,2205,11,139733,1335,8062,837169,1845.57142857142,17.7142857142857,7611
state_total,Georgia,2021-01-22,6428,160,703864,11621,5639.85714285714,113.142857142857,1933,10,141666,1345,8361,845530,1773.57142857142,18.4285714285714,7413.42857142857
state_total,Georgia,2021-01-23,6567,126,710431,11747,5597.57142857142,109.428571428571,2408,58,144074,1403,8975,854505,1885.85714285714,25.8571428571428,7483.42857142857
state_total,Georgia,2021-01-24,4197,3,714628,11750,5429.85714285714,109.714285714285,690,1,144764,1404,4887,859392,1834.28571428571,25.7142857142857,7264.14285714285
state_total,Georgia,2021-01-25,3542,114,718170,11864,5308,117,511,0,145275,1404,4053,863445,1808.57142857142,25.4285714285714,7116.57142857143
state_total,Georgia,2021-01-26,5655,78,723825,11942,5414.85714285714,104.571428571428,2612,36,147887,1440,8267,871712,1824.14285714285,23.4285714285714,7239
state_total,Georgia,2021-01-27,4091,139,727916,12081,5191,103.285714285714,2253,19,150140,1459,6344,878056,1801.71428571428,19.2857142857142,6992.71428571428
state_total,Georgia,2021-01-28,5378,147,733294,12228,5122.57142857142,109.571428571428,2001,38,152141,1497,7379,885435,1772.57142857142,23.1428571428571,6895.14285714285
state_total,Georgia,2021-01-29,4805,135,738099,12363,4890.71428571428,106,1772,28,153913,1525,6577,892012,1749.57142857142,25.7142857142857,6640.28571428571
state_total,Georgia,2021-01-30,4902,157,743001,12520,4652.85714285714,110.428571428571,1531,48,155444,1573,6433,898445,1624.28571428571,24.2857142857142,6277.14285714285
state_total,Georgia,2021-01-31,3009,2,746010,12522,4483.14285714285,110.285714285714,640,1,156084,1574,3649,902094,1617.14285714285,24.2857142857142,6100.28571428571
state_total,Georgia,2021-02-01,2580,44,748590,12566,4345.71428571428,100.285714285714,536,1,156620,1575,3116,905210,1620.71428571428,24.4285714285714,5966.42857142857
state_total,Georgia,2021-02-02,2961,158,751551,12724,3960.85714285714,111.714285714285,1917,48,158537,1623,4878,910088,1521.42857142857,26.1428571428571,5482.28571428571
state_total,Georgia,2021-02-03,3780,134,755331,12858,3916.42857142857,111,1244,2,159781,1625,5024,915112,1377.28571428571,23.7142857142857,5293.71428571428
state_total,Georgia,2021-02-04,3974,139,759305,12997,3715.85714285714,109.857142857142,1830,29,161611,1654,5804,920916,1352.85714285714,22.4285714285714,5068.71428571428
state_total,Georgia,2021-02-05,3589,97,762894,13094,3542.14285714285,104.428571428571,1348,4,162959,1658,4937,925853,1292.28571428571,19,4834.42857142857
state_total,Georgia,2021-02-06,3257,175,766151,13269,3307.14285714285,107,1264,53,164223,1711,4521,930374,1254.14285714285,19.7142857142857,4561.28571428571
state_total,Georgia,2021-02-07,3183,5,769334,13274,3332,107.428571428571,545,0,164768,1711,3728,934102,1240.57142857142,19.5714285714285,4572.57142857142
state_total,Georgia,2021-02-08,2485,34,771819,13308,3318.42857142857,106,305,3,165073,1714,2790,936892,1207.57142857142,19.8571428571428,4526
state_total,Georgia,2021-02-09,2609,122,774428,13430,3268.14285714285,100.857142857142,1173,51,166246,1765,3782,940674,1101.28571428571,20.2857142857142,4369.42857142857
state_total,Georgia,2021-02-10,2460,116,776888,13546,3079.57142857142,98.2857142857143,1047,3,167293,1768,3507,944181,1073.14285714285,20.4285714285714,4152.71428571428
state_total,Georgia,2021-02-11,3336,75,780224,13621,2988.42857142857,89.1428571428571,945,21,168238,1789,4281,948462,946.714285714285,19.2857142857142,3935.14285714285
state_total,Georgia,2021-02-12,2504,186,782728,13807,2833.42857142857,101.857142857142,1423,9,169661,1798,3927,952389,957.428571428571,20,3790.85714285714
state_total,Georgia,2021-02-13,2793,104,785521,13911,2767.14285714285,91.7142857142857,1072,34,170733,1832,3865,956254,930,17.2857142857142,3697.14285714285
state_total,Georgia,2021-02-14,1723,4,787244,13915,2558.57142857142,91.5714285714285,306,15,171039,1847,2029,958283,895.857142857143,19.4285714285714,3454.42857142857
state_total,Georgia,2021-02-15,1731,33,788975,13948,2450.85714285714,91.4285714285714,392,20,171431,1867,2123,960406,908.285714285714,21.8571428571428,3359.14285714285
state_total,Georgia,2021-02-16,1852,176,790827,14124,2342.71428571428,99.1428571428571,1089,60,172520,1927,2941,963347,896.285714285714,23.1428571428571,3239
state_total,Georgia,2021-02-17,2237,75,793064,14199,2310.85714285714,93.2857142857143,1353,23,173873,1950,3590,966937,940,26,3250.85714285714
state_total,Georgia,2021-02-18,2259,110,795323,14309,2157,98.2857142857143,1281,26,175154,1976,3540,970477,988,26.7142857142857,3145
state_total,Georgia,2021-02-19,2218,170,797541,14479,2116.14285714285,96,1505,33,176659,2009,3723,974200,999.714285714285,30.1428571428571,3115.85714285714
state_total,Georgia,2021-02-20,2397,98,799938,14577,2059.57142857142,95.1428571428571,973,33,177632,2042,3370,977570,985.571428571428,30,3045.14285714285
state_total,Georgia,2021-02-21,1490,7,801428,14584,2026.28571428571,95.5714285714285,369,0,178001,2042,1859,979429,994.571428571428,27.8571428571428,3020.85714285714
state_total,Georgia,2021-02-22,1327,55,802755,14639,1968.57142857142,98.7142857142857,266,33,178267,2075,1593,981022,976.571428571428,29.7142857142857,2945.14285714285
state_total,Georgia,2021-02-23,2315,75,805070,14714,2034.71428571428,84.2857142857143,1628,38,179895,2113,3943,984965,1053.57142857142,26.5714285714285,3088.28571428571
state_total,Georgia,2021-02-24,2072,117,807142,14831,2011.14285714285,90.2857142857143,1233,18,181128,2131,3305,988270,1036.42857142857,25.8571428571428,3047.57142857142
state_total,Georgia,2021-02-25,2190,106,809332,14937,2001.28571428571,89.7142857142857,1238,28,182366,2159,3428,991698,1030.28571428571,26.1428571428571,3031.57142857142
state_total,Georgia,2021-02-26,2227,19,811559,14956,2002.57142857142,68.1428571428571,1283,3,183649,2162,3510,995208,998.571428571428,21.8571428571428,3001.14285714285
state_total,Georgia,2021-02-27,2193,61,813752,15017,1973.42857142857,62.8571428571428,1237,15,184886,2177,3430,998638,1036.28571428571,19.2857142857142,3009.71428571428
state_total,Georgia,2021-02-28,1544,2,815296,15019,1981.14285714285,62.1428571428571,859,0,185745,2177,2403,1001041,1106.28571428571,19.2857142857142,3087.42857142857
state_total,Georgia,2021-03-01,1220,79,816516,15098,1965.85714285714,65.5714285714285,965,1,186710,2178,2185,1003226,1206.14285714285,14.7142857142857,3172
state_total,Georgia,2021-03-02,1764,64,818280,15162,1887.14285714285,64,1395,43,188105,2221,3159,1006385,1172.85714285714,15.4285714285714,3060
state_total,Georgia,2021-03-03,1577,139,819857,15301,1816.42857142857,67.1428571428571,1227,6,189332,2227,2804,1009189,1172,13.7142857142857,2988.42857142857
state_total,Georgia,2021-03-04,1848,109,821705,15410,1767.57142857142,67.5714285714285,1112,13,190444,2240,2960,1012149,1154,11.5714285714285,2921.57142857142
state_total,Georgia,2021-03-05,1400,69,823105,15479,1649.42857142857,74.7142857142857,790,1,191234,2241,2190,1014339,1083.57142857142,11.2857142857142,2733
state_total,Georgia,2021-03-06,1454,70,824559,15549,1543.85714285714,76,1036,20,192270,2261,2490,1016829,1054.85714285714,12,2598.71428571428
state_total,Georgia,2021-03-07,952,2,825511,15551,1459.28571428571,76,793,0,193063,2261,1745,1018574,1045.42857142857,12,2504.71428571428
state_total,Georgia,2021-03-08,744,43,826255,15594,1391.28571428571,70.8571428571428,723,0,193786,2261,1467,1020041,1010.85714285714,11.8571428571428,2402.14285714285
state_total,Georgia,2021-03-09,1041,9,827296,15603,1288,63,731,23,194517,2284,1772,1021813,916,9,2204
state_total,Georgia,2021-03-10,1154,59,828450,15662,1227.57142857142,51.5714285714285,620,0,195137,2284,1774,1023587,829.285714285714,8.14285714285714,2056.85714285714
state_total,Georgia,2021-03-11,1242,86,829692,15748,1141,48.2857142857142,518,10,195655,2294,1760,1025347,744.428571428571,7.71428571428571,1885.42857142857
state_total,Georgia,2021-03-12,1241,48,830933,15796,1118.28571428571,45.2857142857142,445,3,196100,2297,1686,1027033,695.142857142857,8,1813.42857142857
state_total,Georgia,2021-03-13,1055,40,831988,15836,1061.28571428571,41,280,11,196380,2308,1335,1028368,587.142857142857,6.71428571428571,1648.42857142857
state_total,Georgia,2021-03-14,788,0,832776,15836,1037.85714285714,40.7142857142857,85,0,196465,2308,873,1029241,486,6.71428571428571,1523.85714285714
state_total,Georgia,2021-03-15,865,46,833641,15882,1055.14285714285,41.1428571428571,150,0,196615,2308,1015,1030256,404.142857142857,6.71428571428571,1459.28571428571
state_total,Georgia,2021-03-16,1115,15,834756,15897,1065.71428571428,42,655,15,197270,2323,1770,1032026,393.285714285714,5.57142857142857,1459
state_total,Georgia,2021-03-17,1160,69,835916,15966,1066.57142857142,43.4285714285714,896,3,198166,2326,2056,1034082,432.714285714285,6,1499.28571428571
state_total,Georgia,2021-03-18,1274,54,837190,16020,1071.14285714285,38.8571428571428,985,6,199151,2332,2259,1036341,499.428571428571,5.42857142857142,1570.57142857142
state_total,Georgia,2021-03-19,1289,41,838479,16061,1078,37.8571428571428,397,2,199548,2334,1686,1038027,492.571428571428,5.28571428571428,1570.57142857142
state_total,Georgia,2021-03-20,1206,50,839685,16111,1099.57142857142,39.2857142857142,573,17,200121,2351,1779,1039806,534.428571428571,6.14285714285714,1634
state_total,Georgia,2021-03-21,894,0,840579,16111,1114.71428571428,39.2857142857142,621,0,200742,2351,1515,1041321,611,6.14285714285714,1725.71428571428
state_total,Georgia,2021-03-22,541,26,841120,16137,1068.42857142857,36.4285714285714,234,0,200976,2351,775,1042096,623,6.14285714285714,1691.42857142857
state_total,Georgia,2021-03-23,1105,14,842225,16151,1067,36.2857142857142,758,16,201734,2367,1863,1043959,637.714285714285,6.28571428571428,1704.71428571428
state_total,Georgia,2021-03-24,899,75,843124,16226,1029.71428571428,37.1428571428571,404,2,202138,2369,1303,1045262,567.428571428571,6.14285714285714,1597.14285714285
state_total,Georgia,2021-03-25,1210,81,844334,16307,1020.57142857142,41,772,12,202910,2381,1982,1047244,537,7,1557.57142857142
state_total,Georgia,2021-03-26,1109,81,845443,16388,994.857142857143,46.7142857142857,601,17,203511,2398,1710,1048954,566.142857142857,9.14285714285714,1561
state_total,Georgia,2021-03-27,1080,68,846523,16456,976.857142857143,49.2857142857142,347,8,203858,2406,1427,1050381,533.857142857143,7.85714285714285,1510.71428571428
state_total,Georgia,2021-03-28,751,0,847274,16456,956.428571428571,49.2857142857142,129,0,203987,2406,880,1051261,463.571428571428,7.85714285714285,1420
state_total,Georgia,2021-03-29,825,36,848099,16492,997,50.7142857142857,387,0,204374,2406,1212,1052473,485.428571428571,7.85714285714285,1482.42857142857
state_total,Georgia,2021-03-30,921,13,849020,16505,970.714285714285,50.5714285714285,445,13,204819,2419,1366,1053839,440.714285714285,7.42857142857143,1411.42857142857
state_total,Georgia,2021-03-31,1151,74,850171,16579,1006.71428571428,50.4285714285714,740,2,205559,2421,1891,1055730,488.714285714285,7.42857142857143,1495.42857142857
state_total,Georgia,2021-04-01,938,59,851109,16638,967.857142857143,47.2857142857142,588,7,206147,2428,1526,1057256,462.428571428571,6.71428571428571,1430.28571428571
state_total,Georgia,2021-04-02,1181,63,852290,16701,978.142857142857,44.7142857142857,464,1,206611,2429,1645,1058901,442.857142857142,4.42857142857142,1421
state_total,Georgia,2021-04-03,787,22,853077,16723,936.285714285714,38.1428571428571,375,13,206986,2442,1162,1060063,446.857142857142,5.14285714285714,1383.14285714285
state_total,Georgia,2021-04-04,653,1,853730,16724,922.285714285714,38.2857142857142,247,1,207233,2443,900,1060963,463.714285714285,5.28571428571428,1386
state_total,Georgia,2021-04-05,546,0,854276,16724,882.428571428571,33.1428571428571,158,0,207391,2443,704,1061667,431,5.28571428571428,1313.42857142857
state_total,Georgia,2021-04-06,994,9,855270,16733,892.857142857143,32.5714285714285,521,12,207912,2455,1515,1063182,441.857142857142,5.14285714285714,1334.71428571428
state_total,Georgia,2021-04-07,983,67,856253,16800,868.857142857143,31.5714285714285,545,0,208457,2455,1528,1064710,414,4.85714285714285,1282.85714285714
state_total,Georgia,2021-04-08,1134,57,857387,16857,896.857142857143,31.2857142857142,406,10,208863,2465,1540,1066250,388,5.28571428571428,1284.85714285714
state_total,Georgia,2021-04-09,1078,48,858465,16905,882.142857142857,29.1428571428571,467,6,209330,2471,1545,1067795,388.428571428571,6,1270.57142857142
state_total,Georgia,2021-04-10,1050,51,859515,16956,919.714285714285,33.2857142857142,558,12,209888,2483,1608,1069403,414.571428571428,5.85714285714285,1334.28571428571
state_total,Georgia,2021-04-11,735,0,860250,16956,931.428571428571,33.1428571428571,412,0,210300,2483,1147,1070550,438.142857142857,5.71428571428571,1369.57142857142
state_total,Georgia,2021-04-12,587,35,860837,16991,937.285714285714,38.1428571428571,375,0,210675,2483,962,1071512,469.142857142857,5.71428571428571,1406.42857142857
state_total,Georgia,2021-04-13,1130,15,861967,17006,956.714285714285,39,772,10,211447,2493,1902,1073414,505,5.42857142857142,1461.71428571428
state_total,Georgia,2021-04-14,1119,41,863086,17047,976.142857142857,35.2857142857142,660,12,212107,2505,1779,1075193,521.428571428571,7.14285714285714,1497.57142857142
state_total,Georgia,2021-04-15,997,60,864083,17107,956.571428571428,35.7142857142857,661,4,212768,2509,1658,1076851,557.857142857143,6.28571428571428,1514.42857142857
state_total,Georgia,2021-04-16,1190,48,865273,17155,972.571428571428,35.7142857142857,512,8,213280,2517,1702,1078553,564.285714285714,6.57142857142857,1536.85714285714
state_total,Georgia,2021-04-17,1210,34,866483,17189,995.428571428571,33.2857142857142,531,5,213811,2522,1741,1080294,560.428571428571,5.57142857142857,1555.85714285714
state_total,Georgia,2021-04-18,711,0,867194,17189,992,33.2857142857142,302,1,214113,2523,1013,1081307,544.714285714285,5.71428571428571,1536.71428571428
state_total,Georgia,2021-04-19,721,26,867915,17215,1011.14285714285,32,200,0,214313,2523,921,1082228,519.714285714285,5.71428571428571,1530.85714285714
state_total,Georgia,2021-04-20,980,13,868895,17228,989.714285714285,31.7142857142857,403,5,214716,2528,1383,1083611,467,5,1456.71428571428
state_total,Georgia,2021-04-21,974,22,869869,17250,969,29,424,9,215140,2537,1398,1085009,433.285714285714,4.57142857142857,1402.28571428571
state_total,Georgia,2021-04-22,990,33,870859,17283,968,25.1428571428571,747,12,215887,2549,1737,1086746,445.571428571428,5.71428571428571,1413.57142857142
state_total,Georgia,2021-04-23,1319,34,872178,17317,986.428571428571,23.1428571428571,590,10,216477,2559,1909,1088655,456.714285714285,6,1443.14285714285
state_total,Georgia,2021-04-24,1120,46,873298,17363,973.571428571428,24.8571428571428,437,11,216914,2570,1557,1090212,443.285714285714,6.85714285714285,1416.85714285714
state_total,Georgia,2021-04-25,751,6,874049,17369,979.285714285714,25.7142857142857,207,1,217121,2571,958,1091170,429.714285714285,6.85714285714285,1409
state_total,Georgia,2021-04-26,655,33,874704,17402,969.857142857143,26.7142857142857,186,0,217307,2571,841,1092011,427.714285714285,6.85714285714285,1397.57142857142
state_total,Georgia,2021-04-27,833,5,875537,17407,948.857142857143,25.5714285714285,528,15,217835,2586,1361,1093372,445.571428571428,8.28571428571428,1394.42857142857
state_total,Georgia,2021-04-28,915,62,876452,17469,940.428571428571,31.2857142857142,542,11,218377,2597,1457,1094829,462.428571428571,8.57142857142857,1402.85714285714
state_total,Georgia,2021-04-29,1061,51,877513,17520,950.571428571428,33.8571428571428,459,11,218836,2608,1520,1096349,421.285714285714,8.42857142857143,1371.85714285714
state_total,Georgia,2021-04-30,1069,22,878582,17542,914.857142857143,32.1428571428571,425,7,219261,2615,1494,1097843,397.714285714285,8,1312.57142857142
state_total,Georgia,2021-05-01,1015,19,879597,17561,899.857142857143,28.2857142857142,353,3,219614,2618,1368,1099211,385.714285714285,6.85714285714285,1285.57142857142
state_total,Georgia,2021-05-02,669,0,880266,17561,888.142857142857,27.4285714285714,681,0,220295,2618,1350,1100561,453.428571428571,6.71428571428571,1341.57142857142
state_total,Georgia,2021-05-03,579,15,880845,17576,877.285714285714,24.8571428571428,305,0,220600,2618,884,1101445,470.428571428571,6.71428571428571,1347.71428571428
state_total,Georgia,2021-05-04,740,13,881585,17589,864,26,486,6,221086,2624,1226,1102671,464.428571428571,5.42857142857142,1328.42857142857
state_total,Georgia,2021-05-05,733,22,882318,17611,838,20.2857142857142,394,11,221480,2635,1127,1103798,443.285714285714,5.42857142857142,1281.28571428571
state_total,Georgia,2021-05-06,913,21,883231,17632,816.857142857143,16,384,3,221864,2638,1297,1105095,432.571428571428,4.28571428571428,1249.42857142857
state_total,Georgia,2021-05-07,917,33,884148,17665,795.142857142857,17.5714285714285,411,13,222275,2651,1328,1106423,430.571428571428,5.14285714285714,1225.71428571428
state_total,Georgia,2021-05-08,754,27,884902,17692,757.857142857143,18.7142857142857,336,4,222611,2655,1090,1107513,428.142857142857,5.28571428571428,1186
state_total,Georgia,2021-05-09,508,0,885410,17692,734.857142857143,18.7142857142857,150,0,222761,2655,658,1108171,352.285714285714,5.28571428571428,1087.14285714285
state_total,Georgia,2021-05-10,368,0,885778,17692,704.714285714285,16.5714285714285,131,0,222892,2655,499,1108670,327.428571428571,5.28571428571428,1032.14285714285
state_total,Georgia,2021-05-11,751,21,886529,17713,706.285714285714,17.7142857142857,259,3,223151,2658,1010,1109680,295,4.85714285714285,1001.28571428571
state_total,Georgia,2021-05-12,584,28,887113,17741,685,18.5714285714285,388,15,223539,2673,972,1110652,294.142857142857,5.42857142857142,979.142857142857
state_total,Georgia,2021-05-13,856,17,887969,17758,676.857142857143,18,344,4,223883,2677,1200,1111852,288.428571428571,5.57142857142857,965.285714285714
state_total,Georgia,2021-05-14,663,20,888632,17778,640.571428571428,16.1428571428571,323,11,224206,2688,986,1112838,275.857142857142,5.28571428571428,916.428571428571
state_total,Georgia,2021-05-15,506,18,889138,17796,605.142857142857,14.8571428571428,290,5,224496,2693,796,1113634,269.285714285714,5.42857142857142,874.428571428571
state_total,Georgia,2021-05-16,380,1,889518,17797,586.857142857143,15,173,0,224669,2693,553,1114187,272.571428571428,5.42857142857142,859.428571428571
state_total,Georgia,2021-05-17,339,0,889857,17797,582.714285714285,15,136,0,224805,2693,475,1114662,273.285714285714,5.42857142857142,856
state_total,Georgia,2021-05-18,520,20,890377,17817,549.714285714285,14.8571428571428,297,5,225102,2698,817,1115479,278.714285714285,5.71428571428571,828.428571428571
state_total,Georgia,2021-05-19,470,24,890847,17841,533.428571428571,14.2857142857142,307,14,225409,2712,777,1116256,267.142857142857,5.57142857142857,800.571428571428
state_total,Georgia,2021-05-20,681,21,891528,17862,508.428571428571,14.8571428571428,212,3,225621,2715,893,1117149,248.285714285714,5.42857142857142,756.714285714285
state_total,Georgia,2021-05-21,578,38,892106,17900,496.285714285714,17.4285714285714,198,10,225819,2725,776,1117925,230.428571428571,5.28571428571428,726.714285714285
state_total,Georgia,2021-05-22,461,23,892567,17923,489.857142857142,18.1428571428571,213,1,226032,2726,674,1118599,219.428571428571,4.71428571428571,709.285714285714
state_total,Georgia,2021-05-23,321,0,892888,17923,481.428571428571,18,94,0,226126,2726,415,1119014,208.142857142857,4.71428571428571,689.571428571428
state_total,Georgia,2021-05-24,215,0,893103,17923,463.714285714285,18,101,0,226227,2726,316,1119330,203.142857142857,4.71428571428571,666.857142857143
state_total,Georgia,2021-05-25,466,32,893569,17955,456,19.7142857142857,236,6,226463,2732,702,1120032,194.428571428571,4.85714285714285,650.428571428571
state_total,Georgia,2021-05-26,429,24,893998,17979,450.142857142857,19.7142857142857,187,13,226650,2745,616,1120648,177.285714285714,4.71428571428571,627.428571428571
state_total,Georgia,2021-05-27,476,35,894474,18014,420.857142857142,21.7142857142857,267,3,226917,2748,743,1121391,185.142857142857,4.71428571428571,606
state_total,Georgia,2021-05-28,400,31,894874,18045,395.428571428571,20.7142857142857,210,15,227127,2763,610,1122001,186.857142857142,5.42857142857142,582.285714285714
state_total,Georgia,2021-05-29,471,16,895345,18061,396.857142857142,19.7142857142857,210,2,227337,2765,681,1122682,186.428571428571,5.57142857142857,583.285714285714
state_total,Georgia,2021-05-30,215,1,895560,18062,381.714285714285,19.8571428571428,77,0,227414,2765,292,1122974,184,5.57142857142857,565.714285714285
state_total,Georgia,2021-05-31,188,0,895748,18062,377.857142857142,19.8571428571428,67,0,227481,2765,255,1123229,179.142857142857,5.57142857142857,557
state_total,Georgia,2021-06-01,187,1,895935,18063,338,15.4285714285714,85,0,227566,2765,272,1123501,157.571428571428,4.71428571428571,495.571428571428
state_total,Georgia,2021-06-02,392,16,896327,18079,332.714285714285,14.2857142857142,153,14,227719,2779,545,1124046,152.714285714285,4.85714285714285,485.428571428571
state_total,Georgia,2021-06-03,328,20,896655,18099,311.571428571428,12.1428571428571,186,14,227905,2793,514,1124560,141.142857142857,6.42857142857143,452.714285714285
state_total,Georgia,2021-06-04,402,42,897057,18141,311.857142857142,13.7142857142857,192,1,228097,2794,594,1125154,138.571428571428,4.42857142857142,450.428571428571
state_total,Georgia,2021-06-05,273,45,897330,18186,283.571428571428,17.8571428571428,144,1,228241,2795,417,1125571,129.142857142857,4.28571428571428,412.714285714285
state_total,Georgia,2021-06-06,216,1,897546,18187,283.714285714285,17.8571428571428,105,0,228346,2795,321,1125892,133.142857142857,4.28571428571428,416.857142857142
state_total,Georgia,2021-06-07,210,1,897756,18188,286.857142857142,18,88,0,228434,2795,298,1126190,136.142857142857,4.28571428571428,423
state_total,Georgia,2021-06-08,277,24,898033,18212,299.714285714285,21.2857142857142,160,14,228594,2809,437,1126627,146.857142857142,6.28571428571428,446.571428571428
state_total,Georgia,2021-06-09,311,13,898344,18225,288.142857142857,20.8571428571428,169,14,228763,2823,480,1127107,149.142857142857,6.28571428571428,437.285714285714
state_total,Georgia,2021-06-10,371,35,898715,18260,294.285714285714,23,157,11,228920,2834,528,1127635,145,5.85714285714285,439.285714285714