Jurisdiction,Date,New Cases,7-day Average New Cases,Cumulative cases                          ,Population (2019),New Case Rate,7-Day Average New Case Rate,Cumulative Case Rate,County FIPS Code,Longitude,Latitude,Georeferenced Lat & Long
Pennsylvania,2020-03-01,0,,0,12801989,0,,0,42000,-75.167756,39.346129,POINT (-75.167756 39.346129)
Pennsylvania,2020-03-02,0,,0,12801989,0,,0,42000,-75.167756,39.346129,POINT (-75.167756 39.346129)
Pennsylvania,2020-03-03,0,,0,12801989,0,,0,42000,-75.167756,39.346129,POINT (-75.167756 39.346129)
Pennsylvania,2020-03-04,0,,0,12801989,0,,0,42000,-75.167756,39.346129,POINT (-75.167756 39.346129)
Pennsylvania,2020-03-05,0,,0,12801989,0,,0,42000,-75.167756,39.346129,POINT (-75.167756 39.346129)
Pennsylvania,2020-03-06,2,,2,12801989,0,,0,42000,-75.167756,39.346129,POINT (-75.167756 39.346129)
Pennsylvania,2020-03-07,2,,4,12801989,0,,0,42000,-75.167756,39.346129,POINT (-75.167756 39.346129)
Pennsylvania,2020-03-08,3,1,7,12801989,0,0,0.1,42000,-75.167756,39.346129,POINT (-75.167756 39.346129)
Pennsylvania,2020-03-09,4,1.6,11,12801989,0,0,0.1,42000,-75.167756,39.346129,POINT (-75.167756 39.346129)
Pennsylvania,2020-03-10,3,2,14,12801989,0,0,0.1,42000,-75.167756,39.346129,POINT (-75.167756 39.346129)
Pennsylvania,2020-03-11,6,2.9,20,12801989,0,0,0.2,42000,-75.167756,39.346129,POINT (-75.167756 39.346129)
Pennsylvania,2020-03-12,7,3.9,27,12801989,0.1,0,0.2,42000,-75.167756,39.346129,POINT (-75.167756 39.346129)
Pennsylvania,2020-03-13,18,6.1,45,12801989,0.1,0,0.4,42000,-75.167756,39.346129,POINT (-75.167756 39.346129)
Pennsylvania,2020-03-14,13,7.7,58,12801989,0.1,0.1,0.5,42000,-75.167756,39.346129,POINT (-75.167756 39.346129)
Pennsylvania,2020-03-15,16,9.6,74,12801989,0.1,0.1,0.6,42000,-75.167756,39.346129,POINT (-75.167756 39.346129)
Pennsylvania,2020-03-16,23,12.3,97,12801989,0.2,0.1,0.8,42000,-75.167756,39.346129,POINT (-75.167756 39.346129)
Pennsylvania,2020-03-17,36,17,133,12801989,0.3,0.1,1,42000,-75.167756,39.346129,POINT (-75.167756 39.346129)
Pennsylvania,2020-03-18,53,23.7,186,12801989,0.4,0.2,1.5,42000,-75.167756,39.346129,POINT (-75.167756 39.346129)
Pennsylvania,2020-03-19,87,35.1,273,12801989,0.7,0.3,2.1,42000,-75.167756,39.346129,POINT (-75.167756 39.346129)
Pennsylvania,2020-03-20,116,49.1,389,12801989,0.9,0.4,3,42000,-75.167756,39.346129,POINT (-75.167756 39.346129)
Pennsylvania,2020-03-21,103,62,492,12801989,0.8,0.5,3.8,42000,-75.167756,39.346129,POINT (-75.167756 39.346129)
Pennsylvania,2020-03-22,168,83.7,660,12801989,1.3,0.7,5.2,42000,-75.167756,39.346129,POINT (-75.167756 39.346129)
Pennsylvania,2020-03-23,209,110.3,869,12801989,1.6,0.9,6.8,42000,-75.167756,39.346129,POINT (-75.167756 39.346129)
Pennsylvania,2020-03-24,268,143.4,1137,12801989,2.1,1.1,8.9,42000,-75.167756,39.346129,POINT (-75.167756 39.346129)
Pennsylvania,2020-03-25,582,219,1719,12801989,4.5,1.7,13.4,42000,-75.167756,39.346129,POINT (-75.167756 39.346129)
Pennsylvania,2020-03-26,527,281.9,2246,12801989,4.1,2.2,17.5,42000,-75.167756,39.346129,POINT (-75.167756 39.346129)
Pennsylvania,2020-03-27,550,343.9,2796,12801989,4.3,2.7,21.8,42000,-75.167756,39.346129,POINT (-75.167756 39.346129)
Pennsylvania,2020-03-28,646,421.4,3442,12801989,5,3.3,26.9,42000,-75.167756,39.346129,POINT (-75.167756 39.346129)
Pennsylvania,2020-03-29,701,497.6,4143,12801989,5.5,3.9,32.4,42000,-75.167756,39.346129,POINT (-75.167756 39.346129)
Pennsylvania,2020-03-30,773,578.1,4916,12801989,6,4.5,38.4,42000,-75.167756,39.346129,POINT (-75.167756 39.346129)
Pennsylvania,2020-03-31,980,679.9,5896,12801989,7.7,5.3,46.1,42000,-75.167756,39.346129,POINT (-75.167756 39.346129)
Pennsylvania,2020-04-01,1203,768.6,7099,12801989,9.4,6,55.5,42000,-75.167756,39.346129,POINT (-75.167756 39.346129)
Pennsylvania,2020-04-02,1405,894,8504,12801989,11,7,66.4,42000,-75.167756,39.346129,POINT (-75.167756 39.346129)
Pennsylvania,2020-04-03,1639,1049.6,10143,12801989,12.8,8.2,79.2,42000,-75.167756,39.346129,POINT (-75.167756 39.346129)
Pennsylvania,2020-04-04,1495,1170.9,11638,12801989,11.7,9.1,90.9,42000,-75.167756,39.346129,POINT (-75.167756 39.346129)
Pennsylvania,2020-04-05,1506,1285.9,13144,12801989,11.8,10,102.7,42000,-75.167756,39.346129,POINT (-75.167756 39.346129)
Pennsylvania,2020-04-06,1543,1395.9,14687,12801989,12.1,10.9,114.7,42000,-75.167756,39.346129,POINT (-75.167756 39.346129)
Pennsylvania,2020-04-07,1771,1508.9,16458,12801989,13.8,11.8,128.6,42000,-75.167756,39.346129,POINT (-75.167756 39.346129)
Pennsylvania,2020-04-08,1995,1622,18453,12801989,15.6,12.7,144.1,42000,-75.167756,39.346129,POINT (-75.167756 39.346129)
Pennsylvania,2020-04-09,1757,1672.3,20210,12801989,13.7,13.1,157.9,42000,-75.167756,39.346129,POINT (-75.167756 39.346129)
Pennsylvania,2020-04-10,1738,1686.4,21948,12801989,13.6,13.2,171.4,42000,-75.167756,39.346129,POINT (-75.167756 39.346129)
Pennsylvania,2020-04-11,1162,1638.9,23110,12801989,9.1,12.8,180.5,42000,-75.167756,39.346129,POINT (-75.167756 39.346129)
Pennsylvania,2020-04-12,1318,1612,24428,12801989,10.3,12.6,190.8,42000,-75.167756,39.346129,POINT (-75.167756 39.346129)
Pennsylvania,2020-04-13,1132,1553.3,25560,12801989,8.8,12.1,199.7,42000,-75.167756,39.346129,POINT (-75.167756 39.346129)
Pennsylvania,2020-04-14,1142,1463.4,26702,12801989,8.9,11.4,208.6,42000,-75.167756,39.346129,POINT (-75.167756 39.346129)
Pennsylvania,2020-04-15,1238,1355.3,27940,12801989,9.7,10.6,218.2,42000,-75.167756,39.346129,POINT (-75.167756 39.346129)
Pennsylvania,2020-04-16,1717,1349.6,29657,12801989,13.4,10.5,231.7,42000,-75.167756,39.346129,POINT (-75.167756 39.346129)
Pennsylvania,2020-04-17,1633,1334.6,31290,12801989,12.8,10.4,244.4,42000,-75.167756,39.346129,POINT (-75.167756 39.346129)
Pennsylvania,2020-04-18,1213,1341.9,32503,12801989,9.5,10.5,253.9,42000,-75.167756,39.346129,POINT (-75.167756 39.346129)
Pennsylvania,2020-04-19,950,1289.3,33453,12801989,7.4,10.1,261.3,42000,-75.167756,39.346129,POINT (-75.167756 39.346129)
Pennsylvania,2020-04-20,997,1270,34450,12801989,7.8,9.9,269.1,42000,-75.167756,39.346129,POINT (-75.167756 39.346129)
Pennsylvania,2020-04-21,1183,1275.9,35633,12801989,9.2,10,278.3,42000,-75.167756,39.346129,POINT (-75.167756 39.346129)
Pennsylvania,2020-04-22,1675,1338.3,37308,12801989,13.1,10.5,291.4,42000,-75.167756,39.346129,POINT (-75.167756 39.346129)
Pennsylvania,2020-04-23,1614,1323.6,38922,12801989,12.6,10.3,304,42000,-75.167756,39.346129,POINT (-75.167756 39.346129)
Pennsylvania,2020-04-24,1353,1283.6,40275,12801989,10.6,10,314.6,42000,-75.167756,39.346129,POINT (-75.167756 39.346129)
Pennsylvania,2020-04-25,1180,1278.9,41455,12801989,9.2,10,323.8,42000,-75.167756,39.346129,POINT (-75.167756 39.346129)
Pennsylvania,2020-04-26,868,1267.1,42323,12801989,6.8,9.9,330.6,42000,-75.167756,39.346129,POINT (-75.167756 39.346129)
Pennsylvania,2020-04-27,1222,1299.3,43545,12801989,9.5,10.1,340.1,42000,-75.167756,39.346129,POINT (-75.167756 39.346129)
Pennsylvania,2020-04-28,1069,1283,44614,12801989,8.4,10,348.5,42000,-75.167756,39.346129,POINT (-75.167756 39.346129)
Pennsylvania,2020-04-29,1488,1256.3,46102,12801989,11.6,9.8,360.1,42000,-75.167756,39.346129,POINT (-75.167756 39.346129)
Pennsylvania,2020-04-30,1163,1191.9,47265,12801989,9.1,9.3,369.2,42000,-75.167756,39.346129,POINT (-75.167756 39.346129)
Pennsylvania,2020-05-01,1325,1187.9,48590,12801989,10.3,9.3,379.6,42000,-75.167756,39.346129,POINT (-75.167756 39.346129)
Pennsylvania,2020-05-02,965,1157.1,49555,12801989,7.5,9,387.1,42000,-75.167756,39.346129,POINT (-75.167756 39.346129)
Pennsylvania,2020-05-03,854,1155.1,50409,12801989,6.7,9,393.8,42000,-75.167756,39.346129,POINT (-75.167756 39.346129)
Pennsylvania,2020-05-04,835,1099.9,51244,12801989,6.5,8.6,400.3,42000,-75.167756,39.346129,POINT (-75.167756 39.346129)
Pennsylvania,2020-05-05,907,1076.7,52151,12801989,7.1,8.4,407.4,42000,-75.167756,39.346129,POINT (-75.167756 39.346129)
Pennsylvania,2020-05-06,1066,1016.4,53217,12801989,8.3,7.9,415.7,42000,-75.167756,39.346129,POINT (-75.167756 39.346129)
Pennsylvania,2020-05-07,1335,1041,54552,12801989,10.4,8.1,426.1,42000,-75.167756,39.346129,POINT (-75.167756 39.346129)
Pennsylvania,2020-05-08,1048,1001.4,55600,12801989,8.2,7.8,434.3,42000,-75.167756,39.346129,POINT (-75.167756 39.346129)
Pennsylvania,2020-05-09,1375,1060,56975,12801989,10.7,8.3,445,42000,-75.167756,39.346129,POINT (-75.167756 39.346129)
Pennsylvania,2020-05-10,547,1016.1,57522,12801989,4.3,7.9,449.3,42000,-75.167756,39.346129,POINT (-75.167756 39.346129)
Pennsylvania,2020-05-11,783,1008.7,58305,12801989,6.1,7.9,455.4,42000,-75.167756,39.346129,POINT (-75.167756 39.346129)
Pennsylvania,2020-05-12,746,985.7,59051,12801989,5.8,7.7,461.3,42000,-75.167756,39.346129,POINT (-75.167756 39.346129)
Pennsylvania,2020-05-13,928,966,59979,12801989,7.2,7.5,468.5,42000,-75.167756,39.346129,POINT (-75.167756 39.346129)
Pennsylvania,2020-05-14,1005,918.9,60984,12801989,7.9,7.2,476.4,42000,-75.167756,39.346129,POINT (-75.167756 39.346129)
Pennsylvania,2020-05-15,965,907,61949,12801989,7.5,7.1,483.9,42000,-75.167756,39.346129,POINT (-75.167756 39.346129)
Pennsylvania,2020-05-16,629,800.4,62578,12801989,4.9,6.3,488.8,42000,-75.167756,39.346129,POINT (-75.167756 39.346129)
Pennsylvania,2020-05-17,820,839.4,63398,12801989,6.4,6.6,495.2,42000,-75.167756,39.346129,POINT (-75.167756 39.346129)
Pennsylvania,2020-05-18,569,808.9,63967,12801989,4.4,6.3,499.7,42000,-75.167756,39.346129,POINT (-75.167756 39.346129)
Pennsylvania,2020-05-19,806,817.4,64773,12801989,6.3,6.4,506,42000,-75.167756,39.346129,POINT (-75.167756 39.346129)
Pennsylvania,2020-05-20,905,814.1,65678,12801989,7.1,6.4,513,42000,-75.167756,39.346129,POINT (-75.167756 39.346129)
Pennsylvania,2020-05-21,896,798.6,66574,12801989,7,6.2,520,42000,-75.167756,39.346129,POINT (-75.167756 39.346129)
Pennsylvania,2020-05-22,726,764.4,67300,12801989,5.7,6,525.7,42000,-75.167756,39.346129,POINT (-75.167756 39.346129)
Pennsylvania,2020-05-23,714,776.6,68014,12801989,5.6,6.1,531.3,42000,-75.167756,39.346129,POINT (-75.167756 39.346129)
Pennsylvania,2020-05-24,484,728.6,68498,12801989,3.8,5.7,535.1,42000,-75.167756,39.346129,POINT (-75.167756 39.346129)
Pennsylvania,2020-05-25,434,709.3,68932,12801989,3.4,5.5,538.4,42000,-75.167756,39.346129,POINT (-75.167756 39.346129)
Pennsylvania,2020-05-26,765,703.4,69697,12801989,6,5.5,544.4,42000,-75.167756,39.346129,POINT (-75.167756 39.346129)
Pennsylvania,2020-05-27,625,663.4,70322,12801989,4.9,5.2,549.3,42000,-75.167756,39.346129,POINT (-75.167756 39.346129)
Pennsylvania,2020-05-28,699,635.3,71021,12801989,5.5,5,554.8,42000,-75.167756,39.346129,POINT (-75.167756 39.346129)
Pennsylvania,2020-05-29,661,626,71682,12801989,5.2,4.9,559.9,42000,-75.167756,39.346129,POINT (-75.167756 39.346129)
Pennsylvania,2020-05-30,511,597,72193,12801989,4,4.7,563.9,42000,-75.167756,39.346129,POINT (-75.167756 39.346129)
Pennsylvania,2020-05-31,369,580.6,72562,12801989,2.9,4.5,566.8,42000,-75.167756,39.346129,POINT (-75.167756 39.346129)
Pennsylvania,2020-06-01,593,603.3,73155,12801989,4.6,4.7,571.4,42000,-75.167756,39.346129,POINT (-75.167756 39.346129)
Pennsylvania,2020-06-02,520,568.3,73675,12801989,4.1,4.4,575.5,42000,-75.167756,39.346129,POINT (-75.167756 39.346129)
Pennsylvania,2020-06-03,531,554.9,74206,12801989,4.1,4.3,579.6,42000,-75.167756,39.346129,POINT (-75.167756 39.346129)
Pennsylvania,2020-06-04,460,520.7,74666,12801989,3.6,4.1,583.2,42000,-75.167756,39.346129,POINT (-75.167756 39.346129)
Pennsylvania,2020-06-05,772,536.6,75438,12801989,6,4.2,589.3,42000,-75.167756,39.346129,POINT (-75.167756 39.346129)
Pennsylvania,2020-06-06,425,524.3,75863,12801989,3.3,4.1,592.6,42000,-75.167756,39.346129,POINT (-75.167756 39.346129)
Pennsylvania,2020-06-07,361,523.1,76224,12801989,2.8,4.1,595.4,42000,-75.167756,39.346129,POINT (-75.167756 39.346129)
Pennsylvania,2020-06-08,488,508.1,76712,12801989,3.8,4,599.2,42000,-75.167756,39.346129,POINT (-75.167756 39.346129)
Pennsylvania,2020-06-09,425,494.6,77137,12801989,3.3,3.9,602.5,42000,-75.167756,39.346129,POINT (-75.167756 39.346129)
Pennsylvania,2020-06-10,523,493.4,77660,12801989,4.1,3.9,606.6,42000,-75.167756,39.346129,POINT (-75.167756 39.346129)
Pennsylvania,2020-06-11,681,525,78341,12801989,5.3,4.1,611.9,42000,-75.167756,39.346129,POINT (-75.167756 39.346129)
Pennsylvania,2020-06-12,434,476.7,78775,12801989,3.4,3.7,615.3,42000,-75.167756,39.346129,POINT (-75.167756 39.346129)
Pennsylvania,2020-06-13,342,464.9,79117,12801989,2.7,3.6,618,42000,-75.167756,39.346129,POINT (-75.167756 39.346129)
Pennsylvania,2020-06-14,350,463.3,79467,12801989,2.7,3.6,620.7,42000,-75.167756,39.346129,POINT (-75.167756 39.346129)
Pennsylvania,2020-06-15,345,442.9,79812,12801989,2.7,3.5,623.4,42000,-75.167756,39.346129,POINT (-75.167756 39.346129)
Pennsylvania,2020-06-16,357,433.1,80169,12801989,2.8,3.4,626.2,42000,-75.167756,39.346129,POINT (-75.167756 39.346129)
Pennsylvania,2020-06-17,438,421,80607,12801989,3.4,3.3,629.6,42000,-75.167756,39.346129,POINT (-75.167756 39.346129)
Pennsylvania,2020-06-18,522,398.3,81129,12801989,4.1,3.1,633.7,42000,-75.167756,39.346129,POINT (-75.167756 39.346129)
Pennsylvania,2020-06-19,488,406,81617,12801989,3.8,3.2,637.5,42000,-75.167756,39.346129,POINT (-75.167756 39.346129)
Pennsylvania,2020-06-20,466,423.7,82083,12801989,3.6,3.3,641.2,42000,-75.167756,39.346129,POINT (-75.167756 39.346129)
Pennsylvania,2020-06-21,454,438.6,82537,12801989,3.5,3.4,644.7,42000,-75.167756,39.346129,POINT (-75.167756 39.346129)
Pennsylvania,2020-06-22,504,461.3,83041,12801989,3.9,3.6,648.7,42000,-75.167756,39.346129,POINT (-75.167756 39.346129)
Pennsylvania,2020-06-23,492,480.6,83533,12801989,3.8,3.8,652.5,42000,-75.167756,39.346129,POINT (-75.167756 39.346129)
Pennsylvania,2020-06-24,593,502.7,84126,12801989,4.6,3.9,657.1,42000,-75.167756,39.346129,POINT (-75.167756 39.346129)
Pennsylvania,2020-06-25,613,515.7,84739,12801989,4.8,4,661.9,42000,-75.167756,39.346129,POINT (-75.167756 39.346129)
Pennsylvania,2020-06-26,623,535,85362,12801989,4.9,4.2,666.8,42000,-75.167756,39.346129,POINT (-75.167756 39.346129)
Pennsylvania,2020-06-27,497,539.4,85859,12801989,3.9,4.2,670.7,42000,-75.167756,39.346129,POINT (-75.167756 39.346129)
Pennsylvania,2020-06-28,551,553.3,86410,12801989,4.3,4.3,675,42000,-75.167756,39.346129,POINT (-75.167756 39.346129)
Pennsylvania,2020-06-29,590,565.6,87000,12801989,4.6,4.4,679.6,42000,-75.167756,39.346129,POINT (-75.167756 39.346129)
Pennsylvania,2020-06-30,657,589.1,87657,12801989,5.1,4.6,684.7,42000,-75.167756,39.346129,POINT (-75.167756 39.346129)
Pennsylvania,2020-07-01,851,626,88508,12801989,6.6,4.9,691.4,42000,-75.167756,39.346129,POINT (-75.167756 39.346129)
Pennsylvania,2020-07-02,791,651.4,89299,12801989,6.2,5.1,697.5,42000,-75.167756,39.346129,POINT (-75.167756 39.346129)
Pennsylvania,2020-07-03,627,652,89926,12801989,4.9,5.1,702.4,42000,-75.167756,39.346129,POINT (-75.167756 39.346129)
Pennsylvania,2020-07-04,536,657.6,90462,12801989,4.2,5.1,706.6,42000,-75.167756,39.346129,POINT (-75.167756 39.346129)
Pennsylvania,2020-07-05,509,651.6,90971,12801989,4,5.1,710.6,42000,-75.167756,39.346129,POINT (-75.167756 39.346129)
Pennsylvania,2020-07-06,900,695.9,91871,12801989,7,5.4,717.6,42000,-75.167756,39.346129,POINT (-75.167756 39.346129)
Pennsylvania,2020-07-07,899,730.4,92770,12801989,7,5.7,724.7,42000,-75.167756,39.346129,POINT (-75.167756 39.346129)
Pennsylvania,2020-07-08,731,713.3,93501,12801989,5.7,5.6,730.4,42000,-75.167756,39.346129,POINT (-75.167756 39.346129)
Pennsylvania,2020-07-09,908,730,94409,12801989,7.1,5.7,737.5,42000,-75.167756,39.346129,POINT (-75.167756 39.346129)
Pennsylvania,2020-07-10,807,755.7,95216,12801989,6.3,5.9,743.8,42000,-75.167756,39.346129,POINT (-75.167756 39.346129)
Pennsylvania,2020-07-11,647,771.6,95863,12801989,5.1,6,748.8,42000,-75.167756,39.346129,POINT (-75.167756 39.346129)
Pennsylvania,2020-07-12,408,757.1,96271,12801989,3.2,5.9,752,42000,-75.167756,39.346129,POINT (-75.167756 39.346129)
Pennsylvania,2020-07-13,913,759,97184,12801989,7.1,5.9,759.1,42000,-75.167756,39.346129,POINT (-75.167756 39.346129)
Pennsylvania,2020-07-14,1086,785.7,98270,12801989,8.5,6.1,767.6,42000,-75.167756,39.346129,POINT (-75.167756 39.346129)
Pennsylvania,2020-07-15,775,792,99045,12801989,6.1,6.2,773.7,42000,-75.167756,39.346129,POINT (-75.167756 39.346129)
Pennsylvania,2020-07-16,1037,810.4,100082,12801989,8.1,6.3,781.8,42000,-75.167756,39.346129,POINT (-75.167756 39.346129)
Pennsylvania,2020-07-17,817,811.9,100899,12801989,6.4,6.3,788.2,42000,-75.167756,39.346129,POINT (-75.167756 39.346129)
Pennsylvania,2020-07-18,739,825,101638,12801989,5.8,6.4,793.9,42000,-75.167756,39.346129,POINT (-75.167756 39.346129)
Pennsylvania,2020-07-19,742,872.7,102380,12801989,5.8,6.8,799.7,42000,-75.167756,39.346129,POINT (-75.167756 39.346129)
Pennsylvania,2020-07-20,1038,890.6,103418,12801989,8.1,7,807.8,42000,-75.167756,39.346129,POINT (-75.167756 39.346129)
Pennsylvania,2020-07-21,789,848.1,104207,12801989,6.2,6.6,814,42000,-75.167756,39.346129,POINT (-75.167756 39.346129)
Pennsylvania,2020-07-22,836,856.9,105043,12801989,6.5,6.7,820.5,42000,-75.167756,39.346129,POINT (-75.167756 39.346129)
Pennsylvania,2020-07-23,1220,883,106263,12801989,9.5,6.9,830.1,42000,-75.167756,39.346129,POINT (-75.167756 39.346129)
Pennsylvania,2020-07-24,1098,923.1,107361,12801989,8.6,7.2,838.6,42000,-75.167756,39.346129,POINT (-75.167756 39.346129)
Pennsylvania,2020-07-25,849,938.9,108210,12801989,6.6,7.3,845.3,42000,-75.167756,39.346129,POINT (-75.167756 39.346129)
Pennsylvania,2020-07-26,746,939.4,108956,12801989,5.8,7.3,851.1,42000,-75.167756,39.346129,POINT (-75.167756 39.346129)
Pennsylvania,2020-07-27,1110,949.7,110066,12801989,8.7,7.4,859.8,42000,-75.167756,39.346129,POINT (-75.167756 39.346129)
Pennsylvania,2020-07-28,802,951.6,110868,12801989,6.3,7.4,866,42000,-75.167756,39.346129,POINT (-75.167756 39.346129)
Pennsylvania,2020-07-29,932,965.3,111800,12801989,7.3,7.5,873.3,42000,-75.167756,39.346129,POINT (-75.167756 39.346129)
Pennsylvania,2020-07-30,1008,935,112808,12801989,7.9,7.3,881.2,42000,-75.167756,39.346129,POINT (-75.167756 39.346129)
Pennsylvania,2020-07-31,900,906.7,113708,12801989,7,7.1,888.2,42000,-75.167756,39.346129,POINT (-75.167756 39.346129)
Pennsylvania,2020-08-01,654,878.9,114362,12801989,5.1,6.9,893.3,42000,-75.167756,39.346129,POINT (-75.167756 39.346129)
Pennsylvania,2020-08-02,575,854.4,114937,12801989,4.5,6.7,897.8,42000,-75.167756,39.346129,POINT (-75.167756 39.346129)
Pennsylvania,2020-08-03,874,820.7,115811,12801989,6.8,6.4,904.6,42000,-75.167756,39.346129,POINT (-75.167756 39.346129)
Pennsylvania,2020-08-04,752,813.6,116563,12801989,5.9,6.4,910.5,42000,-75.167756,39.346129,POINT (-75.167756 39.346129)
Pennsylvania,2020-08-05,795,794,117358,12801989,6.2,6.2,916.7,42000,-75.167756,39.346129,POINT (-75.167756 39.346129)
Pennsylvania,2020-08-06,780,761.4,118138,12801989,6.1,5.9,922.8,42000,-75.167756,39.346129,POINT (-75.167756 39.346129)
Pennsylvania,2020-08-07,819,749.9,118957,12801989,6.4,5.9,929.2,42000,-75.167756,39.346129,POINT (-75.167756 39.346129)
Pennsylvania,2020-08-08,793,769.7,119750,12801989,6.2,6,935.4,42000,-75.167756,39.346129,POINT (-75.167756 39.346129)
Pennsylvania,2020-08-09,642,779.3,120392,12801989,5,6.1,940.4,42000,-75.167756,39.346129,POINT (-75.167756 39.346129)
Pennsylvania,2020-08-10,823,772,121215,12801989,6.4,6,946.8,42000,-75.167756,39.346129,POINT (-75.167756 39.346129)
Pennsylvania,2020-08-11,927,797,122142,12801989,7.2,6.2,954.1,42000,-75.167756,39.346129,POINT (-75.167756 39.346129)
Pennsylvania,2020-08-12,1008,827.4,123150,12801989,7.9,6.5,962,42000,-75.167756,39.346129,POINT (-75.167756 39.346129)
Pennsylvania,2020-08-13,800,830.3,123950,12801989,6.2,6.5,968.2,42000,-75.167756,39.346129,POINT (-75.167756 39.346129)
Pennsylvania,2020-08-14,843,833.7,124793,12801989,6.6,6.5,974.8,42000,-75.167756,39.346129,POINT (-75.167756 39.346129)
Pennsylvania,2020-08-15,715,822.6,125508,12801989,5.6,6.4,980.4,42000,-75.167756,39.346129,POINT (-75.167756 39.346129)
Pennsylvania,2020-08-16,453,795.6,125961,12801989,3.5,6.2,983.9,42000,-75.167756,39.346129,POINT (-75.167756 39.346129)
Pennsylvania,2020-08-17,613,765.6,126574,12801989,4.8,6,988.7,42000,-75.167756,39.346129,POINT (-75.167756 39.346129)
Pennsylvania,2020-08-18,587,717,127161,12801989,4.6,5.6,993.3,42000,-75.167756,39.346129,POINT (-75.167756 39.346129)
Pennsylvania,2020-08-19,821,690.3,127982,12801989,6.4,5.4,999.7,42000,-75.167756,39.346129,POINT (-75.167756 39.346129)
Pennsylvania,2020-08-20,730,680.3,128712,12801989,5.7,5.3,1005.4,42000,-75.167756,39.346129,POINT (-75.167756 39.346129)
Pennsylvania,2020-08-21,797,673.7,129509,12801989,6.2,5.3,1011.6,42000,-75.167756,39.346129,POINT (-75.167756 39.346129)
Pennsylvania,2020-08-22,604,657.9,130113,12801989,4.7,5.1,1016.3,42000,-75.167756,39.346129,POINT (-75.167756 39.346129)
Pennsylvania,2020-08-23,419,653,130532,12801989,3.3,5.1,1019.6,42000,-75.167756,39.346129,POINT (-75.167756 39.346129)
Pennsylvania,2020-08-24,574,647.4,131106,12801989,4.5,5.1,1024.1,42000,-75.167756,39.346129,POINT (-75.167756 39.346129)
Pennsylvania,2020-08-25,507,636,131613,12801989,4,5,1028.1,42000,-75.167756,39.346129,POINT (-75.167756 39.346129)
Pennsylvania,2020-08-26,621,607.4,132234,12801989,4.9,4.7,1032.9,42000,-75.167756,39.346129,POINT (-75.167756 39.346129)
Pennsylvania,2020-08-27,852,624.9,133086,12801989,6.7,4.9,1039.6,42000,-75.167756,39.346129,POINT (-75.167756 39.346129)
Pennsylvania,2020-08-28,855,633.1,133941,12801989,6.7,4.9,1046.3,42000,-75.167756,39.346129,POINT (-75.167756 39.346129)
Pennsylvania,2020-08-29,691,645.6,134632,12801989,5.4,5,1051.6,42000,-75.167756,39.346129,POINT (-75.167756 39.346129)
Pennsylvania,2020-08-30,514,659.1,135146,12801989,4,5.1,1055.7,42000,-75.167756,39.346129,POINT (-75.167756 39.346129)
Pennsylvania,2020-08-31,842,697.4,135988,12801989,6.6,5.4,1062.2,42000,-75.167756,39.346129,POINT (-75.167756 39.346129)
Pennsylvania,2020-09-01,942,759.6,136930,12801989,7.4,5.9,1069.6,42000,-75.167756,39.346129,POINT (-75.167756 39.346129)
Pennsylvania,2020-09-02,1047,820.4,137977,12801989,8.2,6.4,1077.8,42000,-75.167756,39.346129,POINT (-75.167756 39.346129)
Pennsylvania,2020-09-03,931,831.7,138908,12801989,7.3,6.5,1085.1,42000,-75.167756,39.346129,POINT (-75.167756 39.346129)
Pennsylvania,2020-09-04,943,844.3,139851,12801989,7.4,6.6,1092.4,42000,-75.167756,39.346129,POINT (-75.167756 39.346129)
Pennsylvania,2020-09-05,668,841,140519,12801989,5.2,6.6,1097.6,42000,-75.167756,39.346129,POINT (-75.167756 39.346129)
Pennsylvania,2020-09-06,599,853.1,141118,12801989,4.7,6.7,1102.3,42000,-75.167756,39.346129,POINT (-75.167756 39.346129)
Pennsylvania,2020-09-07,482,801.7,141600,12801989,3.8,6.3,1106.1,42000,-75.167756,39.346129,POINT (-75.167756 39.346129)
Pennsylvania,2020-09-08,1004,810.6,142604,12801989,7.8,6.3,1113.9,42000,-75.167756,39.346129,POINT (-75.167756 39.346129)
Pennsylvania,2020-09-09,568,742.1,143172,12801989,4.4,5.8,1118.4,42000,-75.167756,39.346129,POINT (-75.167756 39.346129)
Pennsylvania,2020-09-10,1036,757.1,144208,12801989,8.1,5.9,1126.4,42000,-75.167756,39.346129,POINT (-75.167756 39.346129)
Pennsylvania,2020-09-11,969,760.9,145177,12801989,7.6,5.9,1134,42000,-75.167756,39.346129,POINT (-75.167756 39.346129)
Pennsylvania,2020-09-12,671,761.3,145848,12801989,5.2,5.9,1139.3,42000,-75.167756,39.346129,POINT (-75.167756 39.346129)
Pennsylvania,2020-09-13,700,775.7,146548,12801989,5.5,6.1,1144.7,42000,-75.167756,39.346129,POINT (-75.167756 39.346129)
Pennsylvania,2020-09-14,1093,863,147641,12801989,8.5,6.7,1153.3,42000,-75.167756,39.346129,POINT (-75.167756 39.346129)
Pennsylvania,2020-09-15,789,832.3,148430,12801989,6.2,6.5,1159.4,42000,-75.167756,39.346129,POINT (-75.167756 39.346129)
Pennsylvania,2020-09-16,952,887.1,149382,12801989,7.4,6.9,1166.9,42000,-75.167756,39.346129,POINT (-75.167756 39.346129)
Pennsylvania,2020-09-17,788,851.7,150170,12801989,6.2,6.7,1173,42000,-75.167756,39.346129,POINT (-75.167756 39.346129)
Pennsylvania,2020-09-18,921,844.9,151091,12801989,7.2,6.6,1180.2,42000,-75.167756,39.346129,POINT (-75.167756 39.346129)
Pennsylvania,2020-09-19,686,847,151777,12801989,5.4,6.6,1185.6,42000,-75.167756,39.346129,POINT (-75.167756 39.346129)
Pennsylvania,2020-09-20,570,828.4,152347,12801989,4.5,6.5,1190,42000,-75.167756,39.346129,POINT (-75.167756 39.346129)
Pennsylvania,2020-09-21,875,797.3,153222,12801989,6.8,6.2,1196.9,42000,-75.167756,39.346129,POINT (-75.167756 39.346129)
Pennsylvania,2020-09-22,810,800.3,154032,12801989,6.3,6.3,1203.2,42000,-75.167756,39.346129,POINT (-75.167756 39.346129)
Pennsylvania,2020-09-23,880,790,154912,12801989,6.9,6.2,1210.1,42000,-75.167756,39.346129,POINT (-75.167756 39.346129)
Pennsylvania,2020-09-24,1026,824,155938,12801989,8,6.4,1218.1,42000,-75.167756,39.346129,POINT (-75.167756 39.346129)
Pennsylvania,2020-09-25,941,826.9,156879,12801989,7.4,6.5,1225.4,42000,-75.167756,39.346129,POINT (-75.167756 39.346129)
Pennsylvania,2020-09-26,918,860,157797,12801989,7.2,6.7,1232.6,42000,-75.167756,39.346129,POINT (-75.167756 39.346129)
Pennsylvania,2020-09-27,679,875.6,158476,12801989,5.3,6.8,1237.9,42000,-75.167756,39.346129,POINT (-75.167756 39.346129)
Pennsylvania,2020-09-28,1116,910,159592,12801989,8.7,7.1,1246.6,42000,-75.167756,39.346129,POINT (-75.167756 39.346129)
Pennsylvania,2020-09-29,868,918.3,160460,12801989,6.8,7.2,1253.4,42000,-75.167756,39.346129,POINT (-75.167756 39.346129)
Pennsylvania,2020-09-30,1026,939.1,161486,12801989,8,7.3,1261.4,42000,-75.167756,39.346129,POINT (-75.167756 39.346129)
Pennsylvania,2020-10-01,1136,954.9,162622,12801989,8.9,7.5,1270.3,42000,-75.167756,39.346129,POINT (-75.167756 39.346129)
Pennsylvania,2020-10-02,1207,992.9,163829,12801989,9.4,7.8,1279.7,42000,-75.167756,39.346129,POINT (-75.167756 39.346129)
Pennsylvania,2020-10-03,980,1001.7,164809,12801989,7.7,7.8,1287.4,42000,-75.167756,39.346129,POINT (-75.167756 39.346129)
Pennsylvania,2020-10-04,795,1018.3,165604,12801989,6.2,8,1293.6,42000,-75.167756,39.346129,POINT (-75.167756 39.346129)
Pennsylvania,2020-10-05,929,991.6,166533,12801989,7.3,7.7,1300.8,42000,-75.167756,39.346129,POINT (-75.167756 39.346129)
Pennsylvania,2020-10-06,1407,1068.6,167940,12801989,11,8.3,1311.8,42000,-75.167756,39.346129,POINT (-75.167756 39.346129)
Pennsylvania,2020-10-07,1345,1114.1,169285,12801989,10.5,8.7,1322.3,42000,-75.167756,39.346129,POINT (-75.167756 39.346129)
Pennsylvania,2020-10-08,1416,1154.1,170701,12801989,11.1,9,1333.4,42000,-75.167756,39.346129,POINT (-75.167756 39.346129)
Pennsylvania,2020-10-09,1739,1230.1,172440,12801989,13.6,9.6,1347,42000,-75.167756,39.346129,POINT (-75.167756 39.346129)
Pennsylvania,2020-10-10,1168,1257,173608,12801989,9.1,9.8,1356.1,42000,-75.167756,39.346129,POINT (-75.167756 39.346129)
Pennsylvania,2020-10-11,1108,1301.7,174716,12801989,8.7,10.2,1364.8,42000,-75.167756,39.346129,POINT (-75.167756 39.346129)
Pennsylvania,2020-10-12,1353,1362.3,176069,12801989,10.6,10.6,1375.3,42000,-75.167756,39.346129,POINT (-75.167756 39.346129)
Pennsylvania,2020-10-13,1280,1344.1,177349,12801989,10,10.5,1385.3,42000,-75.167756,39.346129,POINT (-75.167756 39.346129)
Pennsylvania,2020-10-14,1576,1377.1,178925,12801989,12.3,10.8,1397.6,42000,-75.167756,39.346129,POINT (-75.167756 39.346129)
Pennsylvania,2020-10-15,1600,1403.4,180525,12801989,12.5,11,1410.1,42000,-75.167756,39.346129,POINT (-75.167756 39.346129)
Pennsylvania,2020-10-16,1858,1420.4,182383,12801989,14.5,11.1,1424.6,42000,-75.167756,39.346129,POINT (-75.167756 39.346129)
Pennsylvania,2020-10-17,1280,1436.4,183663,12801989,10,11.2,1434.6,42000,-75.167756,39.346129,POINT (-75.167756 39.346129)
Pennsylvania,2020-10-18,1186,1447.6,184849,12801989,9.3,11.3,1443.9,42000,-75.167756,39.346129,POINT (-75.167756 39.346129)
Pennsylvania,2020-10-19,1557,1476.7,186406,12801989,12.2,11.5,1456.1,42000,-75.167756,39.346129,POINT (-75.167756 39.346129)
Pennsylvania,2020-10-20,1431,1498.3,187837,12801989,11.2,11.7,1467.2,42000,-75.167756,39.346129,POINT (-75.167756 39.346129)
Pennsylvania,2020-10-21,2098,1572.9,189935,12801989,16.4,12.3,1483.6,42000,-75.167756,39.346129,POINT (-75.167756 39.346129)
Pennsylvania,2020-10-22,2202,1658.9,192137,12801989,17.2,13,1500.8,42000,-75.167756,39.346129,POINT (-75.167756 39.346129)
Pennsylvania,2020-10-23,2149,1700.4,194286,12801989,16.8,13.3,1517.6,42000,-75.167756,39.346129,POINT (-75.167756 39.346129)
Pennsylvania,2020-10-24,1733,1765.1,196019,12801989,13.5,13.8,1531.2,42000,-75.167756,39.346129,POINT (-75.167756 39.346129)
Pennsylvania,2020-10-25,1668,1834,197687,12801989,13,14.3,1544.2,42000,-75.167756,39.346129,POINT (-75.167756 39.346129)
Pennsylvania,2020-10-26,2350,1947.3,200037,12801989,18.4,15.2,1562.5,42000,-75.167756,39.346129,POINT (-75.167756 39.346129)
Pennsylvania,2020-10-27,2275,2067.9,202312,12801989,17.8,16.2,1580.3,42000,-75.167756,39.346129,POINT (-75.167756 39.346129)
Pennsylvania,2020-10-28,2365,2106,204677,12801989,18.5,16.5,1598.8,42000,-75.167756,39.346129,POINT (-75.167756 39.346129)
Pennsylvania,2020-10-29,2505,2149.3,207182,12801989,19.6,16.8,1618.4,42000,-75.167756,39.346129,POINT (-75.167756 39.346129)
Pennsylvania,2020-10-30,2694,2227.1,209876,12801989,21,17.4,1639.4,42000,-75.167756,39.346129,POINT (-75.167756 39.346129)
Pennsylvania,2020-10-31,2086,2277.6,211962,12801989,16.3,17.8,1655.7,42000,-75.167756,39.346129,POINT (-75.167756 39.346129)
Pennsylvania,2020-11-01,1992,2323.9,213954,12801989,15.6,18.2,1671.3,42000,-75.167756,39.346129,POINT (-75.167756 39.346129)
Pennsylvania,2020-11-02,2764,2383,216718,12801989,21.6,18.6,1692.8,42000,-75.167756,39.346129,POINT (-75.167756 39.346129)
Pennsylvania,2020-11-03,2861,2466.7,219579,12801989,22.3,19.3,1715.2,42000,-75.167756,39.346129,POINT (-75.167756 39.346129)
Pennsylvania,2020-11-04,2945,2549.6,222524,12801989,23,19.9,1738.2,42000,-75.167756,39.346129,POINT (-75.167756 39.346129)
Pennsylvania,2020-11-05,3502,2692,226026,12801989,27.4,21,1765.6,42000,-75.167756,39.346129,POINT (-75.167756 39.346129)
Pennsylvania,2020-11-06,3923,2867.6,229949,12801989,30.6,22.4,1796.2,42000,-75.167756,39.346129,POINT (-75.167756 39.346129)
Pennsylvania,2020-11-07,3156,3020.4,233105,12801989,24.7,23.6,1820.8,42000,-75.167756,39.346129,POINT (-75.167756 39.346129)
Pennsylvania,2020-11-08,3383,3219.1,236488,12801989,26.4,25.1,1847.3,42000,-75.167756,39.346129,POINT (-75.167756 39.346129)
Pennsylvania,2020-11-09,4336,3443.7,240824,12801989,33.9,26.9,1881.1,42000,-75.167756,39.346129,POINT (-75.167756 39.346129)
Pennsylvania,2020-11-10,4819,3723.4,245643,12801989,37.6,29.1,1918.8,42000,-75.167756,39.346129,POINT (-75.167756 39.346129)
Pennsylvania,2020-11-11,5514,4090.4,251157,12801989,43.1,32,1961.9,42000,-75.167756,39.346129,POINT (-75.167756 39.346129)
Pennsylvania,2020-11-12,5934,4437.9,257091,12801989,46.4,34.7,2008.2,42000,-75.167756,39.346129,POINT (-75.167756 39.346129)
Pennsylvania,2020-11-13,5544,4669.4,262635,12801989,43.3,36.5,2051.5,42000,-75.167756,39.346129,POINT (-75.167756 39.346129)
Pennsylvania,2020-11-14,5403,4990.4,268038,12801989,42.2,39,2093.7,42000,-75.167756,39.346129,POINT (-75.167756 39.346129)
Pennsylvania,2020-11-15,4516,5152.3,272554,12801989,35.3,40.2,2129,42000,-75.167756,39.346129,POINT (-75.167756 39.346129)
Pennsylvania,2020-11-16,5601,5333,278155,12801989,43.8,41.7,2172.7,42000,-75.167756,39.346129,POINT (-75.167756 39.346129)
Pennsylvania,2020-11-17,6731,5606.1,284886,12801989,52.6,43.8,2225.3,42000,-75.167756,39.346129,POINT (-75.167756 39.346129)
Pennsylvania,2020-11-18,7028,5822.4,291914,12801989,54.9,45.5,2280.2,42000,-75.167756,39.346129,POINT (-75.167756 39.346129)
Pennsylvania,2020-11-19,7056,5982.7,298970,12801989,55.1,46.7,2335.3,42000,-75.167756,39.346129,POINT (-75.167756 39.346129)
Pennsylvania,2020-11-20,6995,6190,305965,12801989,54.6,48.4,2390,42000,-75.167756,39.346129,POINT (-75.167756 39.346129)
Pennsylvania,2020-11-21,7093,6431.4,313058,12801989,55.4,50.2,2445.4,42000,-75.167756,39.346129,POINT (-75.167756 39.346129)
Pennsylvania,2020-11-22,5030,6504.9,318088,12801989,39.3,50.8,2484.7,42000,-75.167756,39.346129,POINT (-75.167756 39.346129)
Pennsylvania,2020-11-23,6105,6576.9,324193,12801989,47.7,51.4,2532.4,42000,-75.167756,39.346129,POINT (-75.167756 39.346129)
Pennsylvania,2020-11-24,6959,6609.4,331152,12801989,54.4,51.6,2586.7,42000,-75.167756,39.346129,POINT (-75.167756 39.346129)
Pennsylvania,2020-11-25,8409,6806.7,339561,12801989,65.7,53.2,2652.4,42000,-75.167756,39.346129,POINT (-75.167756 39.346129)
Pennsylvania,2020-11-26,7365,6850.9,346926,12801989,57.5,53.5,2709.9,42000,-75.167756,39.346129,POINT (-75.167756 39.346129)
Pennsylvania,2020-11-27,7848,6972.7,354774,12801989,61.3,54.5,2771.2,42000,-75.167756,39.346129,POINT (-75.167756 39.346129)
Pennsylvania,2020-11-28,5395,6730.1,360169,12801989,42.1,52.6,2813.4,42000,-75.167756,39.346129,POINT (-75.167756 39.346129)
Pennsylvania,2020-11-29,4408,6641.3,364577,12801989,34.4,51.9,2847.8,42000,-75.167756,39.346129,POINT (-75.167756 39.346129)
Pennsylvania,2020-11-30,5824,6601.1,370401,12801989,45.5,51.6,2893.3,42000,-75.167756,39.346129,POINT (-75.167756 39.346129)
Pennsylvania,2020-12-01,8961,6887.1,379362,12801989,70,53.8,2963.3,42000,-75.167756,39.346129,POINT (-75.167756 39.346129)
Pennsylvania,2020-12-02,10766,7223.9,390128,12801989,84.1,56.4,3047.4,42000,-75.167756,39.346129,POINT (-75.167756 39.346129)
Pennsylvania,2020-12-03,12326,7932.6,402454,12801989,96.3,62,3143.7,42000,-75.167756,39.346129,POINT (-75.167756 39.346129)
Pennsylvania,2020-12-04,12425,8586.4,414879,12801989,97.1,67.1,3240.7,42000,-75.167756,39.346129,POINT (-75.167756 39.346129)
Pennsylvania,2020-12-05,8206,8988,423085,12801989,64.1,70.2,3304.8,42000,-75.167756,39.346129,POINT (-75.167756 39.346129)
Pennsylvania,2020-12-06,7120,9375.4,430205,12801989,55.6,73.2,3360.5,42000,-75.167756,39.346129,POINT (-75.167756 39.346129)
Pennsylvania,2020-12-07,10264,10009.7,440469,12801989,80.2,78.2,3440.6,42000,-75.167756,39.346129,POINT (-75.167756 39.346129)
Pennsylvania,2020-12-08,8140,9892.4,448609,12801989,63.6,77.3,3504.2,42000,-75.167756,39.346129,POINT (-75.167756 39.346129)
Pennsylvania,2020-12-09,12226,10101,460835,12801989,95.5,78.9,3599.7,42000,-75.167756,39.346129,POINT (-75.167756 39.346129)
Pennsylvania,2020-12-10,12786,10166.7,473621,12801989,99.9,79.4,3699.6,42000,-75.167756,39.346129,POINT (-75.167756 39.346129)
Pennsylvania,2020-12-11,11285,10003.9,484906,12801989,88.2,78.1,3787.7,42000,-75.167756,39.346129,POINT (-75.167756 39.346129)
Pennsylvania,2020-12-12,9777,10228.3,494683,12801989,76.4,79.9,3864.1,42000,-75.167756,39.346129,POINT (-75.167756 39.346129)
Pennsylvania,2020-12-13,8088,10366.6,502771,12801989,63.2,81,3927.3,42000,-75.167756,39.346129,POINT (-75.167756 39.346129)
Pennsylvania,2020-12-14,9921,10317.6,512692,12801989,77.5,80.6,4004.8,42000,-75.167756,39.346129,POINT (-75.167756 39.346129)
Pennsylvania,2020-12-15,10211,10613.4,522903,12801989,79.8,82.9,4084.5,42000,-75.167756,39.346129,POINT (-75.167756 39.346129)
Pennsylvania,2020-12-16,9707,10253.6,532610,12801989,75.8,80.1,4160.4,42000,-75.167756,39.346129,POINT (-75.167756 39.346129)
Pennsylvania,2020-12-17,9311,9757.1,541921,12801989,72.7,76.2,4233.1,42000,-75.167756,39.346129,POINT (-75.167756 39.346129)
Pennsylvania,2020-12-18,10256,9610.1,552177,12801989,80.1,75.1,4313.2,42000,-75.167756,39.346129,POINT (-75.167756 39.346129)
Pennsylvania,2020-12-19,6461,9136.4,558638,12801989,50.5,71.4,4363.7,42000,-75.167756,39.346129,POINT (-75.167756 39.346129)
Pennsylvania,2020-12-20,7758,9089.3,566396,12801989,60.6,71,4424.3,42000,-75.167756,39.346129,POINT (-75.167756 39.346129)
Pennsylvania,2020-12-21,8346,8864.3,574742,12801989,65.2,69.2,4489.5,42000,-75.167756,39.346129,POINT (-75.167756 39.346129)
Pennsylvania,2020-12-22,9846,8812.1,584588,12801989,76.9,68.8,4566.4,42000,-75.167756,39.346129,POINT (-75.167756 39.346129)
Pennsylvania,2020-12-23,8737,8673.6,593325,12801989,68.2,67.8,4634.6,42000,-75.167756,39.346129,POINT (-75.167756 39.346129)
Pennsylvania,2020-12-24,7024,8346.9,600349,12801989,54.9,65.2,4689.5,42000,-75.167756,39.346129,POINT (-75.167756 39.346129)
Pennsylvania,2020-12-25,7287,7922.7,607636,12801989,56.9,61.9,4746.4,42000,-75.167756,39.346129,POINT (-75.167756 39.346129)
Pennsylvania,2020-12-26,5072,7724.3,612708,12801989,39.6,60.3,4786,42000,-75.167756,39.346129,POINT (-75.167756 39.346129)
Pennsylvania,2020-12-27,3672,7140.6,616380,12801989,28.7,55.8,4814.7,42000,-75.167756,39.346129,POINT (-75.167756 39.346129)
Pennsylvania,2020-12-28,9041,7239.9,625421,12801989,70.6,56.6,4885.3,42000,-75.167756,39.346129,POINT (-75.167756 39.346129)
Pennsylvania,2020-12-29,9491,7189.1,634912,12801989,74.1,56.2,4959.5,42000,-75.167756,39.346129,POINT (-75.167756 39.346129)
Pennsylvania,2020-12-30,8357,7134.9,643269,12801989,65.3,55.7,5024.8,42000,-75.167756,39.346129,POINT (-75.167756 39.346129)
Pennsylvania,2020-12-31,8482,7343.1,651751,12801989,66.3,57.4,5091,42000,-75.167756,39.346129,POINT (-75.167756 39.346129)
Pennsylvania,2021-01-01,7896,7430.1,659647,12801989,61.7,58,5152.7,42000,-75.167756,39.346129,POINT (-75.167756 39.346129)
Pennsylvania,2021-01-02,4846,7397.9,664493,12801989,37.9,57.8,5190.5,42000,-75.167756,39.346129,POINT (-75.167756 39.346129)
Pennsylvania,2021-01-03,3637,7392.9,668130,12801989,28.4,57.7,5219,42000,-75.167756,39.346129,POINT (-75.167756 39.346129)
Pennsylvania,2021-01-04,8683,7341.7,676813,12801989,67.8,57.3,5286.8,42000,-75.167756,39.346129,POINT (-75.167756 39.346129)
Pennsylvania,2021-01-05,9878,7397,686691,12801989,77.2,57.8,5363.9,42000,-75.167756,39.346129,POINT (-75.167756 39.346129)
Pennsylvania,2021-01-06,9403,7546.4,696094,12801989,73.4,58.9,5437.4,42000,-75.167756,39.346129,POINT (-75.167756 39.346129)
Pennsylvania,2021-01-07,10537,7840,706631,12801989,82.3,61.2,5519.7,42000,-75.167756,39.346129,POINT (-75.167756 39.346129)
Pennsylvania,2021-01-08,9641,8089.3,716272,12801989,75.3,63.2,5595,42000,-75.167756,39.346129,POINT (-75.167756 39.346129)
Pennsylvania,2021-01-09,7308,8441,723580,12801989,57.1,65.9,5652.1,42000,-75.167756,39.346129,POINT (-75.167756 39.346129)
Pennsylvania,2021-01-10,5228,8668.3,728808,12801989,40.8,67.7,5692.9,42000,-75.167756,39.346129,POINT (-75.167756 39.346129)
Pennsylvania,2021-01-11,7571,8509.4,736379,12801989,59.1,66.5,5752.1,42000,-75.167756,39.346129,POINT (-75.167756 39.346129)
Pennsylvania,2021-01-12,8170,8265.4,744549,12801989,63.8,64.6,5815.9,42000,-75.167756,39.346129,POINT (-75.167756 39.346129)
Pennsylvania,2021-01-13,6461,7845.1,751010,12801989,50.5,61.3,5866.4,42000,-75.167756,39.346129,POINT (-75.167756 39.346129)
Pennsylvania,2021-01-14,6727,7300.9,757737,12801989,52.5,57,5918.9,42000,-75.167756,39.346129,POINT (-75.167756 39.346129)
Pennsylvania,2021-01-15,6850,6902.1,764587,12801989,53.5,53.9,5972.4,42000,-75.167756,39.346129,POINT (-75.167756 39.346129)
Pennsylvania,2021-01-16,5783,6684.3,770370,12801989,45.2,52.2,6017.6,42000,-75.167756,39.346129,POINT (-75.167756 39.346129)
Pennsylvania,2021-01-17,3988,6507.1,774358,12801989,31.2,50.8,6048.7,42000,-75.167756,39.346129,POINT (-75.167756 39.346129)
Pennsylvania,2021-01-18,5631,6230,779989,12801989,44,48.7,6092.7,42000,-75.167756,39.346129,POINT (-75.167756 39.346129)
Pennsylvania,2021-01-19,5594,5862,785583,12801989,43.7,45.8,6136.4,42000,-75.167756,39.346129,POINT (-75.167756 39.346129)
Pennsylvania,2021-01-20,5784,5765.3,791367,12801989,45.2,45,6181.6,42000,-75.167756,39.346129,POINT (-75.167756 39.346129)
Pennsylvania,2021-01-21,5319,5564.1,796686,12801989,41.5,43.5,6223.1,42000,-75.167756,39.346129,POINT (-75.167756 39.346129)
Pennsylvania,2021-01-22,5819,5416.9,802505,12801989,45.5,42.3,6268.6,42000,-75.167756,39.346129,POINT (-75.167756 39.346129)
Pennsylvania,2021-01-23,3824,5137,806329,12801989,29.9,40.1,6298.5,42000,-75.167756,39.346129,POINT (-75.167756 39.346129)
Pennsylvania,2021-01-24,3805,5110.9,810134,12801989,29.7,39.9,6328.2,42000,-75.167756,39.346129,POINT (-75.167756 39.346129)
Pennsylvania,2021-01-25,5086,5033,815220,12801989,39.7,39.3,6367.9,42000,-75.167756,39.346129,POINT (-75.167756 39.346129)
Pennsylvania,2021-01-26,5555,5027.4,820775,12801989,43.4,39.3,6411.3,42000,-75.167756,39.346129,POINT (-75.167756 39.346129)
Pennsylvania,2021-01-27,6986,5199.1,827761,12801989,54.6,40.6,6465.9,42000,-75.167756,39.346129,POINT (-75.167756 39.346129)
Pennsylvania,2021-01-28,8419,5642,836180,12801989,65.8,44.1,6531.6,42000,-75.167756,39.346129,POINT (-75.167756 39.346129)
Pennsylvania,2021-01-29,5493,5595.4,841673,12801989,42.9,43.7,6574.5,42000,-75.167756,39.346129,POINT (-75.167756 39.346129)
Pennsylvania,2021-01-30,3959,5614.7,845632,12801989,30.9,43.9,6605.5,42000,-75.167756,39.346129,POINT (-75.167756 39.346129)
Pennsylvania,2021-01-31,3352,5550,848984,12801989,26.2,43.4,6631.7,42000,-75.167756,39.346129,POINT (-75.167756 39.346129)
Pennsylvania,2021-02-01,3711,5353.6,852695,12801989,29,41.8,6660.6,42000,-75.167756,39.346129,POINT (-75.167756 39.346129)
Pennsylvania,2021-02-02,3094,5002,855789,12801989,24.2,39.1,6684.8,42000,-75.167756,39.346129,POINT (-75.167756 39.346129)
Pennsylvania,2021-02-03,3343,4481.6,859132,12801989,26.1,35,6710.9,42000,-75.167756,39.346129,POINT (-75.167756 39.346129)
Pennsylvania,2021-02-04,5064,4002.3,864196,12801989,39.6,31.3,6750.5,42000,-75.167756,39.346129,POINT (-75.167756 39.346129)
Pennsylvania,2021-02-05,4140,3809,868336,12801989,32.3,29.8,6782.8,42000,-75.167756,39.346129,POINT (-75.167756 39.346129)
Pennsylvania,2021-02-06,4381,3869.3,872717,12801989,34.2,30.2,6817,42000,-75.167756,39.346129,POINT (-75.167756 39.346129)
Pennsylvania,2021-02-07,2355,3726.9,875072,12801989,18.4,29.1,6835.4,42000,-75.167756,39.346129,POINT (-75.167756 39.346129)
Pennsylvania,2021-02-08,4444,3831.6,879516,12801989,34.7,29.9,6870.2,42000,-75.167756,39.346129,POINT (-75.167756 39.346129)
Pennsylvania,2021-02-09,3008,3819.3,882524,12801989,23.5,29.8,6893.6,42000,-75.167756,39.346129,POINT (-75.167756 39.346129)
Pennsylvania,2021-02-10,4034,3918,886558,12801989,31.5,30.6,6925.2,42000,-75.167756,39.346129,POINT (-75.167756 39.346129)
Pennsylvania,2021-02-11,3468,3690,890026,12801989,27.1,28.8,6952.2,42000,-75.167756,39.346129,POINT (-75.167756 39.346129)
Pennsylvania,2021-02-12,3849,3648.4,893875,12801989,30.1,28.5,6982.3,42000,-75.167756,39.346129,POINT (-75.167756 39.346129)
Pennsylvania,2021-02-13,2430,3369.7,896305,12801989,19,26.3,7001.3,42000,-75.167756,39.346129,POINT (-75.167756 39.346129)
Pennsylvania,2021-02-14,1852,3297.9,898157,12801989,14.5,25.8,7015.8,42000,-75.167756,39.346129,POINT (-75.167756 39.346129)
Pennsylvania,2021-02-15,2391,3004.6,900548,12801989,18.7,23.5,7034.4,42000,-75.167756,39.346129,POINT (-75.167756 39.346129)
Pennsylvania,2021-02-16,3428,3064.6,903976,12801989,26.8,23.9,7061.2,42000,-75.167756,39.346129,POINT (-75.167756 39.346129)
Pennsylvania,2021-02-17,3267,2955,907243,12801989,25.5,23.1,7086.7,42000,-75.167756,39.346129,POINT (-75.167756 39.346129)
Pennsylvania,2021-02-18,2710,2846.7,909953,12801989,21.2,22.2,7107.9,42000,-75.167756,39.346129,POINT (-75.167756 39.346129)
Pennsylvania,2021-02-19,2715,2684.7,912668,12801989,21.2,21,7129.1,42000,-75.167756,39.346129,POINT (-75.167756 39.346129)
Pennsylvania,2021-02-20,1872,2605,914540,12801989,14.6,20.3,7143.7,42000,-75.167756,39.346129,POINT (-75.167756 39.346129)
Pennsylvania,2021-02-21,1482,2552.1,916022,12801989,11.6,19.9,7155.3,42000,-75.167756,39.346129,POINT (-75.167756 39.346129)
Pennsylvania,2021-02-22,2848,2617.4,918870,12801989,22.2,20.4,7177.6,42000,-75.167756,39.346129,POINT (-75.167756 39.346129)
Pennsylvania,2021-02-23,2690,2512,921560,12801989,21,19.6,7198.6,42000,-75.167756,39.346129,POINT (-75.167756 39.346129)
Pennsylvania,2021-02-24,2353,2381.4,923913,12801989,18.4,18.6,7216.9,42000,-75.167756,39.346129,POINT (-75.167756 39.346129)
Pennsylvania,2021-02-25,3360,2474.3,927273,12801989,26.2,19.3,7243.2,42000,-75.167756,39.346129,POINT (-75.167756 39.346129)
Pennsylvania,2021-02-26,3419,2574.9,930692,12801989,26.7,20.1,7269.9,42000,-75.167756,39.346129,POINT (-75.167756 39.346129)
Pennsylvania,2021-02-27,1773,2560.7,932465,12801989,13.8,20,7283.8,42000,-75.167756,39.346129,POINT (-75.167756 39.346129)
Pennsylvania,2021-02-28,1686,2589.9,934151,12801989,13.2,20.2,7296.9,42000,-75.167756,39.346129,POINT (-75.167756 39.346129)
Pennsylvania,2021-03-01,2540,2545.9,936691,12801989,19.8,19.9,7316.8,42000,-75.167756,39.346129,POINT (-75.167756 39.346129)
Pennsylvania,2021-03-02,2504,2519.3,939195,12801989,19.6,19.7,7336.3,42000,-75.167756,39.346129,POINT (-75.167756 39.346129)
Pennsylvania,2021-03-03,3226,2644,942421,12801989,25.2,20.7,7361.5,42000,-75.167756,39.346129,POINT (-75.167756 39.346129)
Pennsylvania,2021-03-04,2610,2536.9,945031,12801989,20.4,19.8,7381.9,42000,-75.167756,39.346129,POINT (-75.167756 39.346129)
Pennsylvania,2021-03-05,2864,2457.6,947895,12801989,22.4,19.2,7404.3,42000,-75.167756,39.346129,POINT (-75.167756 39.346129)
Pennsylvania,2021-03-06,1537,2423.9,949432,12801989,12,18.9,7416.3,42000,-75.167756,39.346129,POINT (-75.167756 39.346129)
Pennsylvania,2021-03-07,1412,2384.7,950844,12801989,11,18.6,7427.3,42000,-75.167756,39.346129,POINT (-75.167756 39.346129)
Pennsylvania,2021-03-08,2999,2450.3,953843,12801989,23.4,19.1,7450.7,42000,-75.167756,39.346129,POINT (-75.167756 39.346129)
Pennsylvania,2021-03-09,2530,2454,956373,12801989,19.8,19.2,7470.5,42000,-75.167756,39.346129,POINT (-75.167756 39.346129)
Pennsylvania,2021-03-10,2763,2387.9,959136,12801989,21.6,18.7,7492.1,42000,-75.167756,39.346129,POINT (-75.167756 39.346129)
Pennsylvania,2021-03-11,3057,2451.7,962193,12801989,23.9,19.2,7516,42000,-75.167756,39.346129,POINT (-75.167756 39.346129)
Pennsylvania,2021-03-12,2821,2445.6,965014,12801989,22,19.1,7538,42000,-75.167756,39.346129,POINT (-75.167756 39.346129)
Pennsylvania,2021-03-13,1912,2499.1,966926,12801989,14.9,19.5,7552.9,42000,-75.167756,39.346129,POINT (-75.167756 39.346129)
Pennsylvania,2021-03-14,1396,2496.9,968322,12801989,10.9,19.5,7563.8,42000,-75.167756,39.346129,POINT (-75.167756 39.346129)
Pennsylvania,2021-03-15,3144,2517.6,971466,12801989,24.6,19.7,7588.4,42000,-75.167756,39.346129,POINT (-75.167756 39.346129)
Pennsylvania,2021-03-16,3222,2616.4,974688,12801989,25.2,20.4,7613.6,42000,-75.167756,39.346129,POINT (-75.167756 39.346129)
Pennsylvania,2021-03-17,3114,2666.6,977802,12801989,24.3,20.8,7637.9,42000,-75.167756,39.346129,POINT (-75.167756 39.346129)
Pennsylvania,2021-03-18,3462,2724.4,981264,12801989,27,21.3,7664.9,42000,-75.167756,39.346129,POINT (-75.167756 39.346129)
Pennsylvania,2021-03-19,4073,2903.3,985337,12801989,31.8,22.7,7696.7,42000,-75.167756,39.346129,POINT (-75.167756 39.346129)
Pennsylvania,2021-03-20,2366,2968.1,987703,12801989,18.5,23.2,7715.2,42000,-75.167756,39.346129,POINT (-75.167756 39.346129)
Pennsylvania,2021-03-21,1604,2997.9,989307,12801989,12.5,23.4,7727.8,42000,-75.167756,39.346129,POINT (-75.167756 39.346129)
Pennsylvania,2021-03-22,3502,3049,992809,12801989,27.4,23.8,7755.1,42000,-75.167756,39.346129,POINT (-75.167756 39.346129)
Pennsylvania,2021-03-23,4866,3283.9,997675,12801989,38,25.7,7793.1,42000,-75.167756,39.346129,POINT (-75.167756 39.346129)
Pennsylvania,2021-03-24,3709,3368.9,1001384,12801989,29,26.3,7822.1,42000,-75.167756,39.346129,POINT (-75.167756 39.346129)
Pennsylvania,2021-03-25,4989,3587,1006373,12801989,39,28,7861.1,42000,-75.167756,39.346129,POINT (-75.167756 39.346129)
Pennsylvania,2021-03-26,4060,3585.1,1010433,12801989,31.7,28,7892.8,42000,-75.167756,39.346129,POINT (-75.167756 39.346129)
Pennsylvania,2021-03-27,3048,3682.6,1013481,12801989,23.8,28.8,7916.6,42000,-75.167756,39.346129,POINT (-75.167756 39.346129)
Pennsylvania,2021-03-28,2886,3865.7,1016367,12801989,22.5,30.2,7939.1,42000,-75.167756,39.346129,POINT (-75.167756 39.346129)
Pennsylvania,2021-03-29,5415,4139,1021782,12801989,42.3,32.3,7981.4,42000,-75.167756,39.346129,POINT (-75.167756 39.346129)
Pennsylvania,2021-03-30,4394,4071.6,1026176,12801989,34.3,31.8,8015.8,42000,-75.167756,39.346129,POINT (-75.167756 39.346129)
Pennsylvania,2021-03-31,3838,4090,1030014,12801989,30,31.9,8045.7,42000,-75.167756,39.346129,POINT (-75.167756 39.346129)
Pennsylvania,2021-04-01,4894,4076.4,1034908,12801989,38.2,31.8,8084,42000,-75.167756,39.346129,POINT (-75.167756 39.346129)
Pennsylvania,2021-04-02,5494,4281.3,1040402,12801989,42.9,33.4,8126.9,42000,-75.167756,39.346129,POINT (-75.167756 39.346129)
Pennsylvania,2021-04-03,3254,4310.7,1043656,12801989,25.4,33.7,8152.3,42000,-75.167756,39.346129,POINT (-75.167756 39.346129)
Pennsylvania,2021-04-04,2666,4279.3,1046322,12801989,20.8,33.4,8173.1,42000,-75.167756,39.346129,POINT (-75.167756 39.346129)
Pennsylvania,2021-04-05,5008,4221.1,1051330,12801989,39.1,33,8212.2,42000,-75.167756,39.346129,POINT (-75.167756 39.346129)
Pennsylvania,2021-04-06,4527,4240.1,1055857,12801989,35.4,33.1,8247.6,42000,-75.167756,39.346129,POINT (-75.167756 39.346129)
Pennsylvania,2021-04-07,4484,4332.4,1060341,12801989,35,33.8,8282.6,42000,-75.167756,39.346129,POINT (-75.167756 39.346129)
Pennsylvania,2021-04-08,5203,4376.6,1065544,12801989,40.6,34.2,8323.3,42000,-75.167756,39.346129,POINT (-75.167756 39.346129)
Pennsylvania,2021-04-09,4688,4261.4,1070232,12801989,36.6,33.3,8359.9,42000,-75.167756,39.346129,POINT (-75.167756 39.346129)
Pennsylvania,2021-04-10,3647,4317.6,1073879,12801989,28.5,33.7,8388.4,42000,-75.167756,39.346129,POINT (-75.167756 39.346129)
Pennsylvania,2021-04-11,2507,4294.9,1076386,12801989,19.6,33.5,8408,42000,-75.167756,39.346129,POINT (-75.167756 39.346129)
Pennsylvania,2021-04-12,7086,4591.7,1083472,12801989,55.4,35.9,8463.3,42000,-75.167756,39.346129,POINT (-75.167756 39.346129)
Pennsylvania,2021-04-13,5898,4787.6,1089370,12801989,46.1,37.4,8509.4,42000,-75.167756,39.346129,POINT (-75.167756 39.346129)
Pennsylvania,2021-04-14,4935,4852,1094305,12801989,38.5,37.9,8547.9,42000,-75.167756,39.346129,POINT (-75.167756 39.346129)
Pennsylvania,2021-04-15,5564,4903.6,1099869,12801989,43.5,38.3,8591.4,42000,-75.167756,39.346129,POINT (-75.167756 39.346129)
Pennsylvania,2021-04-16,5099,4962.3,1104968,12801989,39.8,38.8,8631.2,42000,-75.167756,39.346129,POINT (-75.167756 39.346129)
Pennsylvania,2021-04-17,2936,4860.7,1107904,12801989,22.9,38,8654.2,42000,-75.167756,39.346129,POINT (-75.167756 39.346129)
Pennsylvania,2021-04-18,2141,4808.4,1110045,12801989,16.7,37.6,8670.9,42000,-75.167756,39.346129,POINT (-75.167756 39.346129)
Pennsylvania,2021-04-19,5098,4524.4,1115143,12801989,39.8,35.3,8710.7,42000,-75.167756,39.346129,POINT (-75.167756 39.346129)
Pennsylvania,2021-04-20,4461,4319.1,1119604,12801989,34.8,33.7,8745.5,42000,-75.167756,39.346129,POINT (-75.167756 39.346129)
Pennsylvania,2021-04-21,4458,4251,1124062,12801989,34.8,33.2,8780.4,42000,-75.167756,39.346129,POINT (-75.167756 39.346129)
Pennsylvania,2021-04-22,4025,4031.1,1128087,12801989,31.4,31.5,8811.8,42000,-75.167756,39.346129,POINT (-75.167756 39.346129)
Pennsylvania,2021-04-23,4010,3875.6,1132097,12801989,31.3,30.3,8843.1,42000,-75.167756,39.346129,POINT (-75.167756 39.346129)
Pennsylvania,2021-04-24,2880,3867.6,1134977,12801989,22.5,30.2,8865.6,42000,-75.167756,39.346129,POINT (-75.167756 39.346129)
Pennsylvania,2021-04-25,1866,3828.3,1136843,12801989,14.6,29.9,8880.2,42000,-75.167756,39.346129,POINT (-75.167756 39.346129)
Pennsylvania,2021-04-26,3812,3644.6,1140655,12801989,29.8,28.5,8910,42000,-75.167756,39.346129,POINT (-75.167756 39.346129)
Pennsylvania,2021-04-27,3302,3479,1143957,12801989,25.8,27.2,8935.8,42000,-75.167756,39.346129,POINT (-75.167756 39.346129)
Pennsylvania,2021-04-28,3707,3371.7,1147664,12801989,29,26.3,8964.7,42000,-75.167756,39.346129,POINT (-75.167756 39.346129)
Pennsylvania,2021-04-29,4391,3424,1152055,12801989,34.3,26.7,8999,42000,-75.167756,39.346129,POINT (-75.167756 39.346129)
Pennsylvania,2021-04-30,3031,3284.1,1155086,12801989,23.7,25.7,9022.7,42000,-75.167756,39.346129,POINT (-75.167756 39.346129)
Pennsylvania,2021-05-01,2440,3221.3,1157526,12801989,19.1,25.2,9041.8,42000,-75.167756,39.346129,POINT (-75.167756 39.346129)
Pennsylvania,2021-05-02,1647,3190,1159173,12801989,12.9,24.9,9054.6,42000,-75.167756,39.346129,POINT (-75.167756 39.346129)
Pennsylvania,2021-05-03,3219,3105.3,1162392,12801989,25.1,24.3,9079.8,42000,-75.167756,39.346129,POINT (-75.167756 39.346129)
Pennsylvania,2021-05-04,2730,3023.6,1165122,12801989,21.3,23.6,9101.1,42000,-75.167756,39.346129,POINT (-75.167756 39.346129)
Pennsylvania,2021-05-05,2409,2838.1,1167531,12801989,18.8,22.2,9119.9,42000,-75.167756,39.346129,POINT (-75.167756 39.346129)
Pennsylvania,2021-05-06,3013,2641.3,1170544,12801989,23.5,20.6,9143.5,42000,-75.167756,39.346129,POINT (-75.167756 39.346129)
Pennsylvania,2021-05-07,2579,2576.7,1173123,12801989,20.1,20.1,9163.6,42000,-75.167756,39.346129,POINT (-75.167756 39.346129)
Pennsylvania,2021-05-08,1271,2409.7,1174394,12801989,9.9,18.8,9173.5,42000,-75.167756,39.346129,POINT (-75.167756 39.346129)
Pennsylvania,2021-05-09,995,2316.6,1175389,12801989,7.8,18.1,9181.3,42000,-75.167756,39.346129,POINT (-75.167756 39.346129)
Pennsylvania,2021-05-10,2592,2227,1177981,12801989,20.2,17.4,9201.5,42000,-75.167756,39.346129,POINT (-75.167756 39.346129)
Pennsylvania,2021-05-11,2059,2131.1,1180040,12801989,16.1,16.6,9217.6,42000,-75.167756,39.346129,POINT (-75.167756 39.346129)
Pennsylvania,2021-05-12,2060,2081.3,1182100,12801989,16.1,16.3,9233.7,42000,-75.167756,39.346129,POINT (-75.167756 39.346129)
Pennsylvania,2021-05-13,1792,1906.9,1183892,12801989,14,14.9,9247.7,42000,-75.167756,39.346129,POINT (-75.167756 39.346129)
Pennsylvania,2021-05-14,1921,1812.9,1185813,12801989,15,14.2,9262.7,42000,-75.167756,39.346129,POINT (-75.167756 39.346129)
Pennsylvania,2021-05-15,1040,1779.9,1186853,12801989,8.1,13.9,9270.8,42000,-75.167756,39.346129,POINT (-75.167756 39.346129)
Pennsylvania,2021-05-16,794,1751.1,1187647,12801989,6.2,13.7,9277.1,42000,-75.167756,39.346129,POINT (-75.167756 39.346129)
Pennsylvania,2021-05-17,1910,1653.7,1189557,12801989,14.9,12.9,9292,42000,-75.167756,39.346129,POINT (-75.167756 39.346129)
Pennsylvania,2021-05-18,1199,1530.9,1190756,12801989,9.4,12,9301.3,42000,-75.167756,39.346129,POINT (-75.167756 39.346129)
Pennsylvania,2021-05-19,1399,1436.4,1192155,12801989,10.9,11.2,9312.3,42000,-75.167756,39.346129,POINT (-75.167756 39.346129)
Pennsylvania,2021-05-20,1975,1462.6,1194130,12801989,15.4,11.4,9327.7,42000,-75.167756,39.346129,POINT (-75.167756 39.346129)
Pennsylvania,2021-05-21,1347,1380.6,1195477,12801989,10.5,10.8,9338.2,42000,-75.167756,39.346129,POINT (-75.167756 39.346129)
Pennsylvania,2021-05-22,938,1366,1196415,12801989,7.3,10.7,9345.5,42000,-75.167756,39.346129,POINT (-75.167756 39.346129)
Pennsylvania,2021-05-23,614,1340.3,1197029,12801989,4.8,10.5,9350.3,42000,-75.167756,39.346129,POINT (-75.167756 39.346129)
Pennsylvania,2021-05-24,1154,1232.3,1198183,12801989,9,9.6,9359.4,42000,-75.167756,39.346129,POINT (-75.167756 39.346129)
Pennsylvania,2021-05-25,1037,1209.1,1199220,12801989,8.1,9.4,9367.5,42000,-75.167756,39.346129,POINT (-75.167756 39.346129)
Pennsylvania,2021-05-26,937,1143.1,1200157,12801989,7.3,8.9,9374.8,42000,-75.167756,39.346129,POINT (-75.167756 39.346129)
Pennsylvania,2021-05-27,980,1001,1201137,12801989,7.7,7.8,9382.4,42000,-75.167756,39.346129,POINT (-75.167756 39.346129)
Pennsylvania,2021-05-28,781,920.1,1201918,12801989,6.1,7.2,9388.5,42000,-75.167756,39.346129,POINT (-75.167756 39.346129)
Pennsylvania,2021-05-29,485,855.4,1202403,12801989,3.8,6.7,9392.3,42000,-75.167756,39.346129,POINT (-75.167756 39.346129)
Pennsylvania,2021-05-30,373,821,1202776,12801989,2.9,6.4,9395.2,42000,-75.167756,39.346129,POINT (-75.167756 39.346129)
Pennsylvania,2021-05-31,471,723.4,1203247,12801989,3.7,5.7,9398.9,42000,-75.167756,39.346129,POINT (-75.167756 39.346129)
Pennsylvania,2021-06-01,718,677.9,1203965,12801989,5.6,5.3,9404.5,42000,-75.167756,39.346129,POINT (-75.167756 39.346129)
Pennsylvania,2021-06-02,571,625.6,1204536,12801989,4.5,4.9,9409,42000,-75.167756,39.346129,POINT (-75.167756 39.346129)
Pennsylvania,2021-06-03,734,590.4,1205270,12801989,5.7,4.6,9414.7,42000,-75.167756,39.346129,POINT (-75.167756 39.346129)
Pennsylvania,2021-06-04,600,564.6,1205870,12801989,4.7,4.4,9419.4,42000,-75.167756,39.346129,POINT (-75.167756 39.346129)
Pennsylvania,2021-06-05,355,546,1206225,12801989,2.8,4.3,9422.2,42000,-75.167756,39.346129,POINT (-75.167756 39.346129)
Pennsylvania,2021-06-06,224,524.7,1206449,12801989,1.7,4.1,9423.9,42000,-75.167756,39.346129,POINT (-75.167756 39.346129)
Pennsylvania,2021-06-07,583,540.7,1207032,12801989,4.6,4.2,9428.5,42000,-75.167756,39.346129,POINT (-75.167756 39.346129)
Pennsylvania,2021-06-08,333,485.7,1207365,12801989,2.6,3.8,9431.1,42000,-75.167756,39.346129,POINT (-75.167756 39.346129)
Pennsylvania,2021-06-09,461,470,1207826,12801989,3.6,3.7,9434.7,42000,-75.167756,39.346129,POINT (-75.167756 39.346129)
Pennsylvania,2021-06-10,402,422.6,1208228,12801989,3.1,3.3,9437.8,42000,-75.167756,39.346129,POINT (-75.167756 39.346129)
Pennsylvania,2021-06-11,347,386.4,1208575,12801989,2.7,3,9440.5,42000,-75.167756,39.346129,POINT (-75.167756 39.346129)
Pennsylvania,2021-06-12,187,362.4,1208762,12801989,1.5,2.8,9442,42000,-75.167756,39.346129,POINT (-75.167756 39.346129)
Pennsylvania,2021-06-13,140,350.4,1208902,12801989,1.1,2.7,9443.1,42000,-75.167756,39.346129,POINT (-75.167756 39.346129)
Pennsylvania,2021-06-14,371,320.1,1209273,12801989,2.9,2.5,9446,42000,-75.167756,39.346129,POINT (-75.167756 39.346129)
Pennsylvania,2021-06-15,243,307.3,1209516,12801989,1.9,2.4,9447.9,42000,-75.167756,39.346129,POINT (-75.167756 39.346129)
Pennsylvania,2021-06-16,305,285,1209821,12801989,2.4,2.2,9450.3,42000,-75.167756,39.346129,POINT (-75.167756 39.346129)
Pennsylvania,2021-06-17,288,268.7,1210109,12801989,2.2,2.1,9452.5,42000,-75.167756,39.346129,POINT (-75.167756 39.346129)
Pennsylvania,2021-06-18,225,251.3,1210334,12801989,1.8,2,9454.3,42000,-75.167756,39.346129,POINT (-75.167756 39.346129)
Pennsylvania,2021-06-19,117,241.3,1210451,12801989,0.9,1.9,9455.2,42000,-75.167756,39.346129,POINT (-75.167756 39.346129)
Pennsylvania,2021-06-20,107,236.6,1210558,12801989,0.8,1.8,9456,42000,-75.167756,39.346129,POINT (-75.167756 39.346129)
Pennsylvania,2021-06-21,250,219.3,1210808,12801989,2,1.7,9458,42000,-75.167756,39.346129,POINT (-75.167756 39.346129)
Pennsylvania,2021-06-22,225,216.7,1211033,12801989,1.8,1.7,9459.7,42000,-75.167756,39.346129,POINT (-75.167756 39.346129)
Pennsylvania,2021-06-23,199,201.6,1211232,12801989,1.6,1.6,9461.3,42000,-75.167756,39.346129,POINT (-75.167756 39.346129)
Pennsylvania,2021-06-24,196,188.4,1211428,12801989,1.5,1.5,9462.8,42000,-75.167756,39.346129,POINT (-75.167756 39.346129)
Pennsylvania,2021-06-25,190,183.4,1211618,12801989,1.5,1.4,9464.3,42000,-75.167756,39.346129,POINT (-75.167756 39.346129)
Pennsylvania,2021-06-26,132,185.6,1211750,12801989,1,1.4,9465.3,42000,-75.167756,39.346129,POINT (-75.167756 39.346129)
Pennsylvania,2021-06-27,82,182,1211832,12801989,0.6,1.4,9466,42000,-75.167756,39.346129,POINT (-75.167756 39.346129)
Pennsylvania,2021-06-28,190,173.4,1212022,12801989,1.5,1.4,9467.5,42000,-75.167756,39.346129,POINT (-75.167756 39.346129)
Pennsylvania,2021-06-29,173,166,1212195,12801989,1.4,1.3,9468.8,42000,-75.167756,39.346129,POINT (-75.167756 39.346129)
Pennsylvania,2021-06-30,176,162.7,1212371,12801989,1.4,1.3,9470.2,42000,-75.167756,39.346129,POINT (-75.167756 39.346129)
Pennsylvania,2021-07-01,166,158.4,1212537,12801989,1.3,1.2,9471.5,42000,-75.167756,39.346129,POINT (-75.167756 39.346129)
Pennsylvania,2021-07-02,216,162.1,1212753,12801989,1.7,1.3,9473.2,42000,-75.167756,39.346129,POINT (-75.167756 39.346129)
Pennsylvania,2021-07-03,136,162.7,1212889,12801989,1.1,1.3,9474.2,42000,-75.167756,39.346129,POINT (-75.167756 39.346129)
Pennsylvania,2021-07-04,120,168.1,1213009,12801989,0.9,1.3,9475.2,42000,-75.167756,39.346129,POINT (-75.167756 39.346129)
Pennsylvania,2021-07-05,96,154.7,1213105,12801989,0.7,1.2,9475.9,42000,-75.167756,39.346129,POINT (-75.167756 39.346129)
Pennsylvania,2021-07-06,185,156.4,1213290,12801989,1.4,1.2,9477.4,42000,-75.167756,39.346129,POINT (-75.167756 39.346129)
Pennsylvania,2021-07-07,237,165.1,1213527,12801989,1.9,1.3,9479.2,42000,-75.167756,39.346129,POINT (-75.167756 39.346129)
Pennsylvania,2021-07-08,228,174,1213755,12801989,1.8,1.4,9481,42000,-75.167756,39.346129,POINT (-75.167756 39.346129)
Pennsylvania,2021-07-09,249,178.7,1214004,12801989,1.9,1.4,9482.9,42000,-75.167756,39.346129,POINT (-75.167756 39.346129)
Pennsylvania,2021-07-10,189,186.3,1214193,12801989,1.5,1.5,9484.4,42000,-75.167756,39.346129,POINT (-75.167756 39.346129)
Pennsylvania,2021-07-11,131,187.9,1214324,12801989,1,1.5,9485.4,42000,-75.167756,39.346129,POINT (-75.167756 39.346129)
Pennsylvania,2021-07-12,335,222,1214659,12801989,2.6,1.7,9488,42000,-75.167756,39.346129,POINT (-75.167756 39.346129)
Pennsylvania,2021-07-13,307,239.4,1214966,12801989,2.4,1.9,9490.4,42000,-75.167756,39.346129,POINT (-75.167756 39.346129)
Pennsylvania,2021-07-14,421,265.7,1215387,12801989,3.3,2.1,9493.7,42000,-75.167756,39.346129,POINT (-75.167756 39.346129)
Pennsylvania,2021-07-15,380,287.4,1215767,12801989,3,2.2,9496.7,42000,-75.167756,39.346129,POINT (-75.167756 39.346129)